{"level":"info","message":"kafka::brokers :: args=undefined"}
{"level":"info","message":"kafka::brokers[\"localhost:9092\"]"}
{"level":"info","message":"... add dynamic query parameters to get /service"}
{"level":"info","message":"... add dynamic query parameters to get /service/{id}"}
{"level":"info","message":"... add JSONPath filter query parameters to get /service"}
{"level":"info","message":"... add JSONPath filter query parameters to get /service/{id}"}
{"level":"info","message":"... add fields query parameters to post /listener/serviceCreateEvent"}
{"level":"info","message":"... add fields query parameters to post /listener/serviceAttributeValueChangeEvent"}
{"level":"info","message":"... add fields query parameters to post /listener/serviceStateChangeEvent"}
{"level":"info","message":"... add fields query parameters to post /listener/serviceDeleteEvent"}
{"level":"info","message":"... add fields query parameters to post /listener/serviceOperatingStatusChangeEvent"}
{"level":"info","message":"... add fields query parameters to post /hub"}
{"level":"info","message":"... add sort query parameters to get /service"}
{"level":"info","message":"... saved the updated/modified API specification C:\\Users\\henri\\Documents\\TMF\\RIGen-openapi\\ri-apis\\v5-0-0\\TMF638_Service_Inventory\\api\\openapi.yaml"}
{"level":"info","message":"done:: replaceAllRefs"}
{"level":"info","message":"validator installed"}
{"level":"info","message":"Listening on port 8080"}
{"level":"info","message":"Express server running"}
{"level":"info","message":"kafka::brokers :: args=undefined"}
{"level":"info","message":"kafka::brokers[\"localhost:9092\"]"}
{"level":"info","message":"... saved the updated/modified API specification C:\\Users\\henri\\Documents\\TMF\\RIGen-openapi\\ri-apis\\v5-0-0\\TMF638_Service_Inventory\\api\\openapi.yaml"}
{"level":"info","message":"done:: replaceAllRefs"}
{"level":"info","message":"validator installed"}
{"level":"info","message":"Listening on port 8080"}
{"level":"info","message":"Express server running"}
{"level":"info","message":"kafka::brokers :: args=undefined"}
{"level":"info","message":"kafka::brokers[\"localhost:9092\"]"}
{"level":"info","message":"... saved the updated/modified API specification C:\\Users\\henri\\Documents\\TMF\\RIGen-openapi\\ri-apis\\v5-0-0\\TMF638_Service_Inventory\\api\\openapi.yaml"}
{"level":"info","message":"done:: replaceAllRefs"}
{"level":"info","message":"validator installed"}
{"level":"info","message":"Listening on port 8080"}
{"level":"info","message":"Express server running"}
{"level":"info","message":"kafka::brokers :: args=undefined"}
{"level":"info","message":"kafka::brokers[\"localhost:9092\"]"}
{"level":"info","message":"done:: replaceAllRefs"}
{"level":"info","message":"validator installed"}
{"level":"info","message":"Listening on port 8638"}
{"level":"info","message":"Express server running"}
{"level":"info","message":"Service::index: listService Service"}
{"level":"info","message":"mongo::findMany query={\n  \"criteria\": {},\n  \"options\": {\n    \"projection\": {},\n    \"limit\": 250\n  }\n}"}
{"level":"info","message":"NotificationHandler:: publish ri-internal-event ServiceNotification"}
{"level":"info","message":"responseHeaderParams=[{\"Link\":\"<http://localhost:8638/tmf-api/serviceInventoryManagement/v5/service/?limit=250>; rel=\\\"self\\\"\"}]"}
{"level":"info","message":"Service::show: retrieveService Service"}
{"level":"info","message":"getSingleKey:: #1 res=undefined"}
{"level":"info","message":"show:: resourceType=Service query={\"criteria\":{\"id\":\"undefined\"},\"options\":{\"projection\":{},\"limit\":250}}"}
{"level":"info","message":"show:: resourceType=Service: error=Not found \"Resource not found\""}
{"level":"info","message":"handleRequest:: error={\n  \"error\": {\n    \"code\": \"60\",\n    \"reason\": \"Not found\",\n    \"message\": \"Resource not found\"\n  },\n  \"code\": 404\n}"}
{"level":"info","message":"Service::show: retrieveService Service"}
{"level":"info","message":"getSingleKey:: #1 res=undefined"}
{"level":"info","message":"show:: resourceType=Service query={\"criteria\":{\"id\":\"undefined\"},\"options\":{\"projection\":{\"serviceSpecification\":1,\"id\":1,\"href\":1,\"@type\":1},\"limit\":250}}"}
{"level":"info","message":"show:: resourceType=Service: error=Not found \"Resource not found\""}
{"level":"info","message":"handleRequest:: error={\n  \"error\": {\n    \"code\": \"60\",\n    \"reason\": \"Not found\",\n    \"message\": \"Resource not found\"\n  },\n  \"code\": 404\n}"}
{"level":"info","message":"Service::index: listService Service"}
{"level":"info","message":"mongo::findMany query={\n  \"criteria\": {},\n  \"options\": {\n    \"projection\": {\n      \"serviceSpecification\": 1,\n      \"id\": 1,\n      \"href\": 1,\n      \"@type\": 1\n    },\n    \"limit\": 250\n  }\n}"}
{"level":"info","message":"NotificationHandler:: publish ri-internal-event ServiceNotification"}
{"level":"info","message":"responseHeaderParams=[{\"Link\":\"<http://localhost:8638/tmf-api/serviceInventoryManagement/v5/service/?fields=serviceSpecification,id,href,@type&limit=250>; rel=\\\"self\\\"\"}]"}
{"level":"info","message":"Service::show: retrieveService Service"}
{"level":"info","message":"getSingleKey:: #1 res=undefined"}
{"level":"info","message":"show:: resourceType=Service query={\"criteria\":{\"id\":\"undefined\"},\"options\":{\"projection\":{\"serviceSpecification\":1,\"id\":1,\"href\":1,\"@type\":1},\"limit\":250}}"}
{"level":"info","message":"show:: resourceType=Service: error=Not found \"Resource not found\""}
{"level":"info","message":"handleRequest:: error={\n  \"error\": {\n    \"code\": \"60\",\n    \"reason\": \"Not found\",\n    \"message\": \"Resource not found\"\n  },\n  \"code\": 404\n}"}
{"level":"info","message":"Service::index: listService Service"}
{"level":"info","message":"mongo::findMany query={\n  \"criteria\": {},\n  \"options\": {\n    \"projection\": {\n      \"serviceSpecification\": 1,\n      \"id\": 1,\n      \"href\": 1,\n      \"@type\": 1\n    },\n    \"limit\": 250\n  }\n}"}
{"level":"info","message":"NotificationHandler:: publish ri-internal-event ServiceNotification"}
{"level":"info","message":"responseHeaderParams=[{\"Link\":\"<http://localhost:8638/tmf-api/serviceInventoryManagement/v5/service/?fields=serviceSpecification,id,href,@type&limit=250>; rel=\\\"self\\\"\"}]"}
{"level":"info","message":"Service::index: listService Service"}
{"level":"info","message":"mongo::findMany query={\n  \"criteria\": {},\n  \"options\": {\n    \"projection\": {},\n    \"limit\": 250\n  }\n}"}
{"level":"info","message":"NotificationHandler:: publish ri-internal-event ServiceNotification"}
{"level":"info","message":"responseHeaderParams=[{\"Link\":\"<http://localhost:8638/tmf-api/serviceInventoryManagement/v5/service/?limit=250>; rel=\\\"self\\\"\"}]"}
{"level":"info","message":"Service::show: retrieveService Service"}
{"level":"info","message":"getSingleKey:: #1 res=undefined"}
{"level":"info","message":"show:: resourceType=Service query={\"criteria\":{\"id\":\"undefined\"},\"options\":{\"projection\":{\"state\":1,\"id\":1,\"href\":1,\"@type\":1},\"limit\":250}}"}
{"level":"info","message":"show:: resourceType=Service: error=Not found \"Resource not found\""}
{"level":"info","message":"handleRequest:: error={\n  \"error\": {\n    \"code\": \"60\",\n    \"reason\": \"Not found\",\n    \"message\": \"Resource not found\"\n  },\n  \"code\": 404\n}"}
{"level":"info","message":"Service::index: listService Service"}
{"level":"info","message":"mongo::findMany query={\n  \"criteria\": {},\n  \"options\": {\n    \"projection\": {\n      \"state\": 1,\n      \"id\": 1,\n      \"href\": 1,\n      \"@type\": 1\n    },\n    \"limit\": 250\n  }\n}"}
{"level":"info","message":"NotificationHandler:: publish ri-internal-event ServiceNotification"}
{"level":"info","message":"responseHeaderParams=[{\"Link\":\"<http://localhost:8638/tmf-api/serviceInventoryManagement/v5/service/?fields=state,id,href,@type&limit=250>; rel=\\\"self\\\"\"}]"}
{"level":"info","message":"Service::show: retrieveService Service"}
{"level":"info","message":"getSingleKey:: #1 res=undefined"}
{"level":"info","message":"show:: resourceType=Service query={\"criteria\":{\"id\":\"undefined\"},\"options\":{\"projection\":{\"state\":1,\"id\":1,\"href\":1,\"@type\":1},\"limit\":250}}"}
{"level":"info","message":"show:: resourceType=Service: error=Not found \"Resource not found\""}
{"level":"info","message":"handleRequest:: error={\n  \"error\": {\n    \"code\": \"60\",\n    \"reason\": \"Not found\",\n    \"message\": \"Resource not found\"\n  },\n  \"code\": 404\n}"}
{"level":"info","message":"Service::index: listService Service"}
{"level":"info","message":"mongo::findMany query={\n  \"criteria\": {},\n  \"options\": {\n    \"projection\": {\n      \"state\": 1,\n      \"id\": 1,\n      \"href\": 1,\n      \"@type\": 1\n    },\n    \"limit\": 250\n  }\n}"}
{"level":"info","message":"NotificationHandler:: publish ri-internal-event ServiceNotification"}
{"level":"info","message":"responseHeaderParams=[{\"Link\":\"<http://localhost:8638/tmf-api/serviceInventoryManagement/v5/service/?fields=state,id,href,@type&limit=250>; rel=\\\"self\\\"\"}]"}
{"level":"info","message":"Service::index: listService Service"}
{"level":"info","message":"mongo::findMany query={\n  \"criteria\": {},\n  \"options\": {\n    \"projection\": {},\n    \"limit\": 250\n  }\n}"}
{"level":"info","message":"NotificationHandler:: publish ri-internal-event ServiceNotification"}
{"level":"info","message":"responseHeaderParams=[{\"Link\":\"<http://localhost:8638/tmf-api/serviceInventoryManagement/v5/service/?limit=250>; rel=\\\"self\\\"\"}]"}
{"level":"error","message":"could not write message KafkaJSNumberOfRetriesExceeded: Connection error: connect ECONNREFUSED ::1:9092"}
{"level":"error","message":"could not write message KafkaJSNumberOfRetriesExceeded: Connection error: connect ECONNREFUSED ::1:9092"}
{"level":"error","message":"could not write message KafkaJSNumberOfRetriesExceeded: Connection error: connect ECONNREFUSED ::1:9092"}
{"level":"error","message":"could not write message KafkaJSNumberOfRetriesExceeded: Connection error: connect ECONNREFUSED ::1:9092"}
{"level":"error","message":"could not write message KafkaJSNumberOfRetriesExceeded: Connection error: connect ECONNREFUSED ::1:9092"}
{"level":"error","message":"could not write message KafkaJSNumberOfRetriesExceeded: Connection error: connect ECONNREFUSED ::1:9092"}
{"level":"error","message":"could not write message KafkaJSNumberOfRetriesExceeded: Connection error: connect ECONNREFUSED ::1:9092"}
{"level":"info","message":"Service::create: createService Service"}
{"level":"info","message":"... replace date with native Date type"}
{"level":"info","message":"... processMissingProperties: Service"}
{"level":"info","message":"populateMandatoryAttributes: type=Service"}
{"level":"info","message":"... processExcludedInPost: Service Service_Create"}
{"level":"info","message":"... processExcludedInPost: undefined not found"}
{"level":"info","message":"NotificationHandler:: publish ri-internal-event ServiceCreationNotification"}
{"level":"error","message":"could not write message KafkaJSNumberOfRetriesExceeded: Connection error: connect ECONNREFUSED ::1:9092"}
{"level":"info","message":"kafka::brokers :: args=undefined"}
{"level":"info","message":"kafka::brokers[\"localhost:9092\"]"}
{"level":"info","message":"done:: replaceAllRefs"}
{"level":"info","message":"validator installed"}
{"level":"info","message":"Listening on port 8638"}
{"level":"info","message":"Express server running"}
{"level":"info","message":"Service::create: createService Service"}
{"level":"info","message":"... replace date with native Date type"}
{"level":"info","message":"... processMissingProperties: Service"}
{"level":"info","message":"populateMandatoryAttributes: type=Service"}
{"level":"info","message":"... processExcludedInPost: Service Service_Create"}
{"level":"info","message":"... processExcludedInPost: undefined not found"}
{"level":"info","message":"NotificationHandler:: publish ri-internal-event ServiceCreationNotification"}
{"level":"error","message":"could not write message KafkaJSNumberOfRetriesExceeded: Connection error: connect ECONNREFUSED ::1:9092"}
{"level":"info","message":"Service::create: createService Service"}
{"level":"info","message":"getResponseType: path not found (path=/tmf-api/serviceInventoryManagement/v5/service/)"}
{"level":"info","message":"... replace date with native Date type"}
{"level":"info","message":"... processMissingProperties: Service"}
{"level":"info","message":"populateMandatoryAttributes: type=Service"}
{"level":"info","message":"... processExcludedInPost: Service Service_Create"}
{"level":"info","message":"... processExcludedInPost: undefined not found"}
{"level":"info","message":"NotificationHandler:: publish ri-internal-event ServiceCreationNotification"}
{"level":"info","message":"Service::index: listService Service"}
{"level":"info","message":"mongo::findMany query={\n  \"criteria\": {},\n  \"options\": {\n    \"projection\": {},\n    \"limit\": 250\n  }\n}"}
{"level":"info","message":"NotificationHandler:: publish ri-internal-event ServiceNotification"}
{"level":"info","message":"responseHeaderParams=[{\"X-Total-Count\":3},{\"X-Result-Count\":3},{\"Link\":\"<http://localhost:8638/tmf-api/serviceInventoryManagement/v5/service/?limit=250>; rel=\\\"self\\\"\"}]"}
{"level":"info","message":"Service::show: retrieveService Service"}
{"level":"info","message":"getSingleKey:: #1 res=edfbbb92-875f-4795-a4f2-08e1cce1b3d0"}
{"level":"info","message":"show:: resourceType=Service query={\"criteria\":{\"id\":\"edfbbb92-875f-4795-a4f2-08e1cce1b3d0\"},\"options\":{\"projection\":{},\"limit\":250}}"}
{"level":"info","message":"NotificationHandler:: publish ri-internal-event ServiceNotification"}
{"level":"info","message":"Service::show: retrieveService Service"}
{"level":"info","message":"getSingleKey:: #1 res=edfbbb92-875f-4795-a4f2-08e1cce1b3d0"}
{"level":"info","message":"show:: resourceType=Service query={\"criteria\":{\"id\":\"edfbbb92-875f-4795-a4f2-08e1cce1b3d0\"},\"options\":{\"projection\":{\"serviceSpecification\":1,\"id\":1,\"href\":1,\"@type\":1},\"limit\":250}}"}
{"level":"info","message":"NotificationHandler:: publish ri-internal-event ServiceNotification"}
{"level":"info","message":"Service::index: listService Service"}
{"level":"info","message":"mongo::findMany query={\n  \"criteria\": {},\n  \"options\": {\n    \"projection\": {\n      \"serviceSpecification\": 1,\n      \"id\": 1,\n      \"href\": 1,\n      \"@type\": 1\n    },\n    \"limit\": 250\n  }\n}"}
{"level":"info","message":"NotificationHandler:: publish ri-internal-event ServiceNotification"}
{"level":"info","message":"responseHeaderParams=[{\"X-Total-Count\":3},{\"X-Result-Count\":3},{\"Link\":\"<http://localhost:8638/tmf-api/serviceInventoryManagement/v5/service/?fields=serviceSpecification,id,href,@type&limit=250>; rel=\\\"self\\\"\"}]"}
{"level":"info","message":"Service::show: retrieveService Service"}
{"level":"info","message":"getSingleKey:: #1 res=edfbbb92-875f-4795-a4f2-08e1cce1b3d0"}
{"level":"info","message":"show:: resourceType=Service query={\"criteria\":{\"id\":\"edfbbb92-875f-4795-a4f2-08e1cce1b3d0\"},\"options\":{\"projection\":{\"serviceSpecification\":1,\"id\":1,\"href\":1,\"@type\":1},\"limit\":250}}"}
{"level":"info","message":"NotificationHandler:: publish ri-internal-event ServiceNotification"}
{"level":"info","message":"Service::index: listService Service"}
{"level":"info","message":"mongo::findMany query={\n  \"criteria\": {},\n  \"options\": {\n    \"projection\": {\n      \"serviceSpecification\": 1,\n      \"id\": 1,\n      \"href\": 1,\n      \"@type\": 1\n    },\n    \"limit\": 250\n  }\n}"}
{"level":"info","message":"NotificationHandler:: publish ri-internal-event ServiceNotification"}
{"level":"info","message":"responseHeaderParams=[{\"X-Total-Count\":3},{\"X-Result-Count\":3},{\"Link\":\"<http://localhost:8638/tmf-api/serviceInventoryManagement/v5/service/?fields=serviceSpecification,id,href,@type&limit=250>; rel=\\\"self\\\"\"}]"}
{"level":"info","message":"Service::index: listService Service"}
{"level":"info","message":"mongo::findMany query={\n  \"criteria\": {},\n  \"options\": {\n    \"projection\": {},\n    \"limit\": 250\n  }\n}"}
{"level":"info","message":"NotificationHandler:: publish ri-internal-event ServiceNotification"}
{"level":"info","message":"responseHeaderParams=[{\"X-Total-Count\":3},{\"X-Result-Count\":3},{\"Link\":\"<http://localhost:8638/tmf-api/serviceInventoryManagement/v5/service/?limit=250>; rel=\\\"self\\\"\"}]"}
{"level":"info","message":"Service::show: retrieveService Service"}
{"level":"info","message":"getSingleKey:: #1 res=edfbbb92-875f-4795-a4f2-08e1cce1b3d0"}
{"level":"info","message":"show:: resourceType=Service query={\"criteria\":{\"id\":\"edfbbb92-875f-4795-a4f2-08e1cce1b3d0\"},\"options\":{\"projection\":{\"state\":1,\"id\":1,\"href\":1,\"@type\":1},\"limit\":250}}"}
{"level":"info","message":"NotificationHandler:: publish ri-internal-event ServiceNotification"}
{"level":"info","message":"Service::index: listService Service"}
{"level":"info","message":"mongo::findMany query={\n  \"criteria\": {},\n  \"options\": {\n    \"projection\": {\n      \"state\": 1,\n      \"id\": 1,\n      \"href\": 1,\n      \"@type\": 1\n    },\n    \"limit\": 250\n  }\n}"}
{"level":"info","message":"NotificationHandler:: publish ri-internal-event ServiceNotification"}
{"level":"info","message":"responseHeaderParams=[{\"X-Total-Count\":3},{\"X-Result-Count\":3},{\"Link\":\"<http://localhost:8638/tmf-api/serviceInventoryManagement/v5/service/?fields=state,id,href,@type&limit=250>; rel=\\\"self\\\"\"}]"}
{"level":"info","message":"Service::show: retrieveService Service"}
{"level":"info","message":"getSingleKey:: #1 res=edfbbb92-875f-4795-a4f2-08e1cce1b3d0"}
{"level":"info","message":"show:: resourceType=Service query={\"criteria\":{\"id\":\"edfbbb92-875f-4795-a4f2-08e1cce1b3d0\"},\"options\":{\"projection\":{\"state\":1,\"id\":1,\"href\":1,\"@type\":1},\"limit\":250}}"}
{"level":"info","message":"NotificationHandler:: publish ri-internal-event ServiceNotification"}
{"level":"info","message":"Service::index: listService Service"}
{"level":"info","message":"mongo::findMany query={\n  \"criteria\": {},\n  \"options\": {\n    \"projection\": {\n      \"state\": 1,\n      \"id\": 1,\n      \"href\": 1,\n      \"@type\": 1\n    },\n    \"limit\": 250\n  }\n}"}
{"level":"info","message":"NotificationHandler:: publish ri-internal-event ServiceNotification"}
{"level":"info","message":"responseHeaderParams=[{\"X-Total-Count\":3},{\"X-Result-Count\":3},{\"Link\":\"<http://localhost:8638/tmf-api/serviceInventoryManagement/v5/service/?fields=state,id,href,@type&limit=250>; rel=\\\"self\\\"\"}]"}
{"level":"info","message":"Service::index: listService Service"}
{"level":"info","message":"mongo::findMany query={\n  \"criteria\": {},\n  \"options\": {\n    \"projection\": {},\n    \"limit\": 250\n  }\n}"}
{"level":"info","message":"NotificationHandler:: publish ri-internal-event ServiceNotification"}
{"level":"info","message":"responseHeaderParams=[{\"X-Total-Count\":3},{\"X-Result-Count\":3},{\"Link\":\"<http://localhost:8638/tmf-api/serviceInventoryManagement/v5/service/?limit=250>; rel=\\\"self\\\"\"}]"}
{"level":"error","message":"could not write message KafkaJSNumberOfRetriesExceeded: Connection error: connect ECONNREFUSED ::1:9092"}
{"level":"error","message":"could not write message KafkaJSNumberOfRetriesExceeded: Connection error: connect ECONNREFUSED ::1:9092"}
{"level":"error","message":"could not write message KafkaJSNumberOfRetriesExceeded: Connection error: connect ECONNREFUSED ::1:9092"}
{"level":"error","message":"could not write message KafkaJSNumberOfRetriesExceeded: Connection error: connect ECONNREFUSED ::1:9092"}
{"level":"error","message":"could not write message KafkaJSNumberOfRetriesExceeded: Connection error: connect ECONNREFUSED ::1:9092"}
{"level":"error","message":"could not write message KafkaJSNumberOfRetriesExceeded: Connection error: connect ECONNREFUSED ::1:9092"}
{"level":"error","message":"could not write message KafkaJSNumberOfRetriesExceeded: Connection error: connect ECONNREFUSED ::1:9092"}
{"level":"error","message":"could not write message KafkaJSNumberOfRetriesExceeded: Connection error: connect ECONNREFUSED ::1:9092"}
{"level":"error","message":"could not write message KafkaJSNumberOfRetriesExceeded: Connection error: connect ECONNREFUSED ::1:9092"}
{"level":"error","message":"could not write message KafkaJSNumberOfRetriesExceeded: Connection error: connect ECONNREFUSED ::1:9092"}
{"level":"error","message":"could not write message KafkaJSNumberOfRetriesExceeded: Connection error: connect ECONNREFUSED ::1:9092"}
{"level":"error","message":"could not write message KafkaJSNumberOfRetriesExceeded: Connection error: connect ECONNREFUSED ::1:9092"}
{"level":"error","message":"could not write message KafkaJSNumberOfRetriesExceeded: Connection error: connect ECONNREFUSED ::1:9092"}
{"level":"info","message":"Service::create: createService Service"}
{"level":"info","message":"getResponseType: path not found (path=/tmf-api/serviceInventoryManagement/v5/service/)"}
{"level":"info","message":"... replace date with native Date type"}
{"level":"info","message":"... processMissingProperties: Service"}
{"level":"info","message":"populateMandatoryAttributes: type=Service"}
{"level":"info","message":"... processExcludedInPost: Service Service_Create"}
{"level":"info","message":"... processExcludedInPost: undefined not found"}
{"level":"info","message":"NotificationHandler:: publish ri-internal-event ServiceCreationNotification"}
{"level":"info","message":"Service::index: listService Service"}
{"level":"info","message":"mongo::findMany query={\n  \"criteria\": {},\n  \"options\": {\n    \"projection\": {},\n    \"limit\": 250\n  }\n}"}
{"level":"info","message":"NotificationHandler:: publish ri-internal-event ServiceNotification"}
{"level":"info","message":"responseHeaderParams=[{\"X-Total-Count\":4},{\"X-Result-Count\":4},{\"Link\":\"<http://localhost:8638/tmf-api/serviceInventoryManagement/v5/service/?limit=250>; rel=\\\"self\\\"\"}]"}
{"level":"info","message":"Service::show: retrieveService Service"}
{"level":"info","message":"getSingleKey:: #1 res=22d78746-c0af-4261-9559-99092f77cad2"}
{"level":"info","message":"show:: resourceType=Service query={\"criteria\":{\"id\":\"22d78746-c0af-4261-9559-99092f77cad2\"},\"options\":{\"projection\":{},\"limit\":250}}"}
{"level":"info","message":"NotificationHandler:: publish ri-internal-event ServiceNotification"}
{"level":"info","message":"Service::show: retrieveService Service"}
{"level":"info","message":"getSingleKey:: #1 res=22d78746-c0af-4261-9559-99092f77cad2"}
{"level":"info","message":"show:: resourceType=Service query={\"criteria\":{\"id\":\"22d78746-c0af-4261-9559-99092f77cad2\"},\"options\":{\"projection\":{\"serviceSpecification\":1,\"id\":1,\"href\":1,\"@type\":1},\"limit\":250}}"}
{"level":"info","message":"NotificationHandler:: publish ri-internal-event ServiceNotification"}
{"level":"info","message":"Service::index: listService Service"}
{"level":"info","message":"mongo::findMany query={\n  \"criteria\": {},\n  \"options\": {\n    \"projection\": {\n      \"serviceSpecification\": 1,\n      \"id\": 1,\n      \"href\": 1,\n      \"@type\": 1\n    },\n    \"limit\": 250\n  }\n}"}
{"level":"info","message":"NotificationHandler:: publish ri-internal-event ServiceNotification"}
{"level":"info","message":"responseHeaderParams=[{\"X-Total-Count\":4},{\"X-Result-Count\":4},{\"Link\":\"<http://localhost:8638/tmf-api/serviceInventoryManagement/v5/service/?fields=serviceSpecification,id,href,@type&limit=250>; rel=\\\"self\\\"\"}]"}
{"level":"info","message":"Service::show: retrieveService Service"}
{"level":"info","message":"getSingleKey:: #1 res=22d78746-c0af-4261-9559-99092f77cad2"}
{"level":"info","message":"show:: resourceType=Service query={\"criteria\":{\"id\":\"22d78746-c0af-4261-9559-99092f77cad2\"},\"options\":{\"projection\":{\"serviceSpecification\":1,\"id\":1,\"href\":1,\"@type\":1},\"limit\":250}}"}
{"level":"info","message":"NotificationHandler:: publish ri-internal-event ServiceNotification"}
{"level":"info","message":"Service::index: listService Service"}
{"level":"info","message":"mongo::findMany query={\n  \"criteria\": {},\n  \"options\": {\n    \"projection\": {\n      \"serviceSpecification\": 1,\n      \"id\": 1,\n      \"href\": 1,\n      \"@type\": 1\n    },\n    \"limit\": 250\n  }\n}"}
{"level":"info","message":"NotificationHandler:: publish ri-internal-event ServiceNotification"}
{"level":"info","message":"responseHeaderParams=[{\"X-Total-Count\":4},{\"X-Result-Count\":4},{\"Link\":\"<http://localhost:8638/tmf-api/serviceInventoryManagement/v5/service/?fields=serviceSpecification,id,href,@type&limit=250>; rel=\\\"self\\\"\"}]"}
{"level":"info","message":"Service::index: listService Service"}
{"level":"info","message":"mongo::findMany query={\n  \"criteria\": {},\n  \"options\": {\n    \"projection\": {},\n    \"limit\": 250\n  }\n}"}
{"level":"info","message":"NotificationHandler:: publish ri-internal-event ServiceNotification"}
{"level":"info","message":"responseHeaderParams=[{\"X-Total-Count\":4},{\"X-Result-Count\":4},{\"Link\":\"<http://localhost:8638/tmf-api/serviceInventoryManagement/v5/service/?limit=250>; rel=\\\"self\\\"\"}]"}
{"level":"info","message":"Service::show: retrieveService Service"}
{"level":"info","message":"getSingleKey:: #1 res=22d78746-c0af-4261-9559-99092f77cad2"}
{"level":"info","message":"show:: resourceType=Service query={\"criteria\":{\"id\":\"22d78746-c0af-4261-9559-99092f77cad2\"},\"options\":{\"projection\":{\"state\":1,\"id\":1,\"href\":1,\"@type\":1},\"limit\":250}}"}
{"level":"info","message":"NotificationHandler:: publish ri-internal-event ServiceNotification"}
{"level":"info","message":"Service::index: listService Service"}
{"level":"info","message":"mongo::findMany query={\n  \"criteria\": {},\n  \"options\": {\n    \"projection\": {\n      \"state\": 1,\n      \"id\": 1,\n      \"href\": 1,\n      \"@type\": 1\n    },\n    \"limit\": 250\n  }\n}"}
{"level":"info","message":"NotificationHandler:: publish ri-internal-event ServiceNotification"}
{"level":"info","message":"responseHeaderParams=[{\"X-Total-Count\":4},{\"X-Result-Count\":4},{\"Link\":\"<http://localhost:8638/tmf-api/serviceInventoryManagement/v5/service/?fields=state,id,href,@type&limit=250>; rel=\\\"self\\\"\"}]"}
{"level":"error","message":"could not write message KafkaJSNumberOfRetriesExceeded: Connection error: connect ECONNREFUSED ::1:9092"}
{"level":"info","message":"Service::show: retrieveService Service"}
{"level":"info","message":"getSingleKey:: #1 res=22d78746-c0af-4261-9559-99092f77cad2"}
{"level":"info","message":"show:: resourceType=Service query={\"criteria\":{\"id\":\"22d78746-c0af-4261-9559-99092f77cad2\"},\"options\":{\"projection\":{\"state\":1,\"id\":1,\"href\":1,\"@type\":1},\"limit\":250}}"}
{"level":"info","message":"NotificationHandler:: publish ri-internal-event ServiceNotification"}
{"level":"info","message":"Service::index: listService Service"}
{"level":"info","message":"mongo::findMany query={\n  \"criteria\": {},\n  \"options\": {\n    \"projection\": {\n      \"state\": 1,\n      \"id\": 1,\n      \"href\": 1,\n      \"@type\": 1\n    },\n    \"limit\": 250\n  }\n}"}
{"level":"info","message":"NotificationHandler:: publish ri-internal-event ServiceNotification"}
{"level":"info","message":"responseHeaderParams=[{\"X-Total-Count\":4},{\"X-Result-Count\":4},{\"Link\":\"<http://localhost:8638/tmf-api/serviceInventoryManagement/v5/service/?fields=state,id,href,@type&limit=250>; rel=\\\"self\\\"\"}]"}
{"level":"info","message":"Service::index: listService Service"}
{"level":"info","message":"mongo::findMany query={\n  \"criteria\": {},\n  \"options\": {\n    \"projection\": {},\n    \"limit\": 250\n  }\n}"}
{"level":"info","message":"NotificationHandler:: publish ri-internal-event ServiceNotification"}
{"level":"info","message":"responseHeaderParams=[{\"X-Total-Count\":4},{\"X-Result-Count\":4},{\"Link\":\"<http://localhost:8638/tmf-api/serviceInventoryManagement/v5/service/?limit=250>; rel=\\\"self\\\"\"}]"}
{"level":"error","message":"could not write message KafkaJSNumberOfRetriesExceeded: Connection error: connect ECONNREFUSED ::1:9092"}
{"level":"error","message":"could not write message KafkaJSNumberOfRetriesExceeded: Connection error: connect ECONNREFUSED ::1:9092"}
{"level":"error","message":"could not write message KafkaJSNumberOfRetriesExceeded: Connection error: connect ECONNREFUSED ::1:9092"}
{"level":"error","message":"could not write message KafkaJSNumberOfRetriesExceeded: Connection error: connect ECONNREFUSED ::1:9092"}
{"level":"error","message":"could not write message KafkaJSNumberOfRetriesExceeded: Connection error: connect ECONNREFUSED ::1:9092"}
{"level":"error","message":"could not write message KafkaJSNumberOfRetriesExceeded: Connection error: connect ECONNREFUSED ::1:9092"}
{"level":"error","message":"could not write message KafkaJSNumberOfRetriesExceeded: Connection error: connect ECONNREFUSED ::1:9092"}
{"level":"error","message":"could not write message KafkaJSNumberOfRetriesExceeded: Connection error: connect ECONNREFUSED ::1:9092"}
{"level":"error","message":"could not write message KafkaJSNumberOfRetriesExceeded: Connection error: connect ECONNREFUSED ::1:9092"}
{"level":"error","message":"could not write message KafkaJSNumberOfRetriesExceeded: Connection error: connect ECONNREFUSED ::1:9092"}
{"level":"error","message":"could not write message KafkaJSNumberOfRetriesExceeded: Connection error: connect ECONNREFUSED ::1:9092"}
{"level":"error","message":"could not write message KafkaJSNumberOfRetriesExceeded: Connection error: connect ECONNREFUSED ::1:9092"}
{"level":"info","message":"Service::create: createService Service"}
{"level":"info","message":"getResponseType: path not found (path=/tmf-api/serviceInventoryManagement/v5/service/)"}
{"level":"info","message":"... replace date with native Date type"}
{"level":"info","message":"... processMissingProperties: Service"}
{"level":"info","message":"populateMandatoryAttributes: type=Service"}
{"level":"info","message":"... processExcludedInPost: Service Service_Create"}
{"level":"info","message":"... processExcludedInPost: undefined not found"}
{"level":"info","message":"NotificationHandler:: publish ri-internal-event ServiceCreationNotification"}
{"level":"info","message":"Service::index: listService Service"}
{"level":"info","message":"mongo::findMany query={\n  \"criteria\": {},\n  \"options\": {\n    \"projection\": {},\n    \"limit\": 250\n  }\n}"}
{"level":"info","message":"NotificationHandler:: publish ri-internal-event ServiceNotification"}
{"level":"info","message":"responseHeaderParams=[{\"X-Total-Count\":5},{\"X-Result-Count\":5},{\"Link\":\"<http://localhost:8638/tmf-api/serviceInventoryManagement/v5/service/?limit=250>; rel=\\\"self\\\"\"}]"}
{"level":"info","message":"Service::show: retrieveService Service"}
{"level":"info","message":"getSingleKey:: #1 res=62921f09-16e0-48af-9d29-7835c6bd0a45"}
{"level":"info","message":"show:: resourceType=Service query={\"criteria\":{\"id\":\"62921f09-16e0-48af-9d29-7835c6bd0a45\"},\"options\":{\"projection\":{},\"limit\":250}}"}
{"level":"info","message":"NotificationHandler:: publish ri-internal-event ServiceNotification"}
{"level":"info","message":"Service::show: retrieveService Service"}
{"level":"info","message":"getSingleKey:: #1 res=62921f09-16e0-48af-9d29-7835c6bd0a45"}
{"level":"info","message":"show:: resourceType=Service query={\"criteria\":{\"id\":\"62921f09-16e0-48af-9d29-7835c6bd0a45\"},\"options\":{\"projection\":{\"serviceSpecification\":1,\"id\":1,\"href\":1,\"@type\":1},\"limit\":250}}"}
{"level":"info","message":"NotificationHandler:: publish ri-internal-event ServiceNotification"}
{"level":"info","message":"Service::index: listService Service"}
{"level":"info","message":"mongo::findMany query={\n  \"criteria\": {},\n  \"options\": {\n    \"projection\": {\n      \"serviceSpecification\": 1,\n      \"id\": 1,\n      \"href\": 1,\n      \"@type\": 1\n    },\n    \"limit\": 250\n  }\n}"}
{"level":"info","message":"NotificationHandler:: publish ri-internal-event ServiceNotification"}
{"level":"info","message":"responseHeaderParams=[{\"X-Total-Count\":5},{\"X-Result-Count\":5},{\"Link\":\"<http://localhost:8638/tmf-api/serviceInventoryManagement/v5/service/?fields=serviceSpecification,id,href,@type&limit=250>; rel=\\\"self\\\"\"}]"}
{"level":"info","message":"Service::show: retrieveService Service"}
{"level":"info","message":"getSingleKey:: #1 res=62921f09-16e0-48af-9d29-7835c6bd0a45"}
{"level":"info","message":"show:: resourceType=Service query={\"criteria\":{\"id\":\"62921f09-16e0-48af-9d29-7835c6bd0a45\"},\"options\":{\"projection\":{\"serviceSpecification\":1,\"id\":1,\"href\":1,\"@type\":1},\"limit\":250}}"}
{"level":"info","message":"NotificationHandler:: publish ri-internal-event ServiceNotification"}
{"level":"info","message":"Service::index: listService Service"}
{"level":"info","message":"mongo::findMany query={\n  \"criteria\": {},\n  \"options\": {\n    \"projection\": {\n      \"serviceSpecification\": 1,\n      \"id\": 1,\n      \"href\": 1,\n      \"@type\": 1\n    },\n    \"limit\": 250\n  }\n}"}
{"level":"info","message":"NotificationHandler:: publish ri-internal-event ServiceNotification"}
{"level":"info","message":"responseHeaderParams=[{\"X-Total-Count\":5},{\"X-Result-Count\":5},{\"Link\":\"<http://localhost:8638/tmf-api/serviceInventoryManagement/v5/service/?fields=serviceSpecification,id,href,@type&limit=250>; rel=\\\"self\\\"\"}]"}
{"level":"info","message":"Service::index: listService Service"}
{"level":"info","message":"mongo::findMany query={\n  \"criteria\": {},\n  \"options\": {\n    \"projection\": {},\n    \"limit\": 250\n  }\n}"}
{"level":"info","message":"NotificationHandler:: publish ri-internal-event ServiceNotification"}
{"level":"info","message":"responseHeaderParams=[{\"X-Total-Count\":5},{\"X-Result-Count\":5},{\"Link\":\"<http://localhost:8638/tmf-api/serviceInventoryManagement/v5/service/?limit=250>; rel=\\\"self\\\"\"}]"}
{"level":"info","message":"Service::show: retrieveService Service"}
{"level":"info","message":"getSingleKey:: #1 res=62921f09-16e0-48af-9d29-7835c6bd0a45"}
{"level":"info","message":"show:: resourceType=Service query={\"criteria\":{\"id\":\"62921f09-16e0-48af-9d29-7835c6bd0a45\"},\"options\":{\"projection\":{\"state\":1,\"id\":1,\"href\":1,\"@type\":1},\"limit\":250}}"}
{"level":"info","message":"NotificationHandler:: publish ri-internal-event ServiceNotification"}
{"level":"info","message":"Service::index: listService Service"}
{"level":"info","message":"mongo::findMany query={\n  \"criteria\": {},\n  \"options\": {\n    \"projection\": {\n      \"state\": 1,\n      \"id\": 1,\n      \"href\": 1,\n      \"@type\": 1\n    },\n    \"limit\": 250\n  }\n}"}
{"level":"info","message":"NotificationHandler:: publish ri-internal-event ServiceNotification"}
{"level":"info","message":"responseHeaderParams=[{\"X-Total-Count\":5},{\"X-Result-Count\":5},{\"Link\":\"<http://localhost:8638/tmf-api/serviceInventoryManagement/v5/service/?fields=state,id,href,@type&limit=250>; rel=\\\"self\\\"\"}]"}
{"level":"error","message":"could not write message KafkaJSNumberOfRetriesExceeded: Connection error: connect ECONNREFUSED ::1:9092"}
{"level":"info","message":"Service::show: retrieveService Service"}
{"level":"info","message":"getSingleKey:: #1 res=62921f09-16e0-48af-9d29-7835c6bd0a45"}
{"level":"info","message":"show:: resourceType=Service query={\"criteria\":{\"id\":\"62921f09-16e0-48af-9d29-7835c6bd0a45\"},\"options\":{\"projection\":{\"state\":1,\"id\":1,\"href\":1,\"@type\":1},\"limit\":250}}"}
{"level":"info","message":"NotificationHandler:: publish ri-internal-event ServiceNotification"}
{"level":"info","message":"Service::index: listService Service"}
{"level":"info","message":"mongo::findMany query={\n  \"criteria\": {},\n  \"options\": {\n    \"projection\": {\n      \"state\": 1,\n      \"id\": 1,\n      \"href\": 1,\n      \"@type\": 1\n    },\n    \"limit\": 250\n  }\n}"}
{"level":"info","message":"NotificationHandler:: publish ri-internal-event ServiceNotification"}
{"level":"info","message":"responseHeaderParams=[{\"X-Total-Count\":5},{\"X-Result-Count\":5},{\"Link\":\"<http://localhost:8638/tmf-api/serviceInventoryManagement/v5/service/?fields=state,id,href,@type&limit=250>; rel=\\\"self\\\"\"}]"}
{"level":"error","message":"could not write message KafkaJSNumberOfRetriesExceeded: Connection error: connect ECONNREFUSED ::1:9092"}
{"level":"info","message":"Service::index: listService Service"}
{"level":"info","message":"mongo::findMany query={\n  \"criteria\": {},\n  \"options\": {\n    \"projection\": {},\n    \"limit\": 250\n  }\n}"}
{"level":"info","message":"NotificationHandler:: publish ri-internal-event ServiceNotification"}
{"level":"info","message":"responseHeaderParams=[{\"X-Total-Count\":5},{\"X-Result-Count\":5},{\"Link\":\"<http://localhost:8638/tmf-api/serviceInventoryManagement/v5/service/?limit=250>; rel=\\\"self\\\"\"}]"}
{"level":"error","message":"could not write message KafkaJSNumberOfRetriesExceeded: Connection error: connect ECONNREFUSED ::1:9092"}
{"level":"error","message":"could not write message KafkaJSNumberOfRetriesExceeded: Connection error: connect ECONNREFUSED ::1:9092"}
{"level":"error","message":"could not write message KafkaJSNumberOfRetriesExceeded: Connection error: connect ECONNREFUSED ::1:9092"}
{"level":"error","message":"could not write message KafkaJSNumberOfRetriesExceeded: Connection error: connect ECONNREFUSED ::1:9092"}
{"level":"error","message":"could not write message KafkaJSNumberOfRetriesExceeded: Connection error: connect ECONNREFUSED ::1:9092"}
{"level":"error","message":"could not write message KafkaJSNumberOfRetriesExceeded: Connection error: connect ECONNREFUSED ::1:9092"}
{"level":"error","message":"could not write message KafkaJSNumberOfRetriesExceeded: Connection error: connect ECONNREFUSED ::1:9092"}
{"level":"error","message":"could not write message KafkaJSNumberOfRetriesExceeded: Connection error: connect ECONNREFUSED ::1:9092"}
{"level":"error","message":"could not write message KafkaJSNumberOfRetriesExceeded: Connection error: connect ECONNREFUSED ::1:9092"}
{"level":"error","message":"could not write message KafkaJSNumberOfRetriesExceeded: Connection error: connect ECONNREFUSED ::1:9092"}
{"level":"error","message":"could not write message KafkaJSNumberOfRetriesExceeded: Connection error: connect ECONNREFUSED ::1:9092"}
{"level":"info","message":"Service::create: createService Service"}
{"level":"info","message":"getResponseType: path not found (path=/tmf-api/serviceInventoryManagement/v5/service/)"}
{"level":"info","message":"... replace date with native Date type"}
{"level":"info","message":"... processMissingProperties: Service"}
{"level":"info","message":"populateMandatoryAttributes: type=Service"}
{"level":"info","message":"... processExcludedInPost: Service Service_Create"}
{"level":"info","message":"... processExcludedInPost: undefined not found"}
{"level":"info","message":"NotificationHandler:: publish ri-internal-event ServiceCreationNotification"}
{"level":"info","message":"Service::index: listService Service"}
{"level":"info","message":"mongo::findMany query={\n  \"criteria\": {},\n  \"options\": {\n    \"projection\": {},\n    \"limit\": 250\n  }\n}"}
{"level":"info","message":"NotificationHandler:: publish ri-internal-event ServiceNotification"}
{"level":"info","message":"responseHeaderParams=[{\"X-Total-Count\":6},{\"X-Result-Count\":6},{\"Link\":\"<http://localhost:8638/tmf-api/serviceInventoryManagement/v5/service/?limit=250>; rel=\\\"self\\\"\"}]"}
{"level":"info","message":"Service::show: retrieveService Service"}
{"level":"info","message":"getSingleKey:: #1 res=487e1e1e-cac8-4bdc-8dae-a7246aa0e970"}
{"level":"info","message":"show:: resourceType=Service query={\"criteria\":{\"id\":\"487e1e1e-cac8-4bdc-8dae-a7246aa0e970\"},\"options\":{\"projection\":{},\"limit\":250}}"}
{"level":"info","message":"NotificationHandler:: publish ri-internal-event ServiceNotification"}
{"level":"info","message":"Service::show: retrieveService Service"}
{"level":"info","message":"getSingleKey:: #1 res=487e1e1e-cac8-4bdc-8dae-a7246aa0e970"}
{"level":"info","message":"show:: resourceType=Service query={\"criteria\":{\"id\":\"487e1e1e-cac8-4bdc-8dae-a7246aa0e970\"},\"options\":{\"projection\":{\"serviceSpecification\":1,\"id\":1,\"href\":1,\"@type\":1},\"limit\":250}}"}
{"level":"info","message":"NotificationHandler:: publish ri-internal-event ServiceNotification"}
{"level":"info","message":"Service::index: listService Service"}
{"level":"info","message":"mongo::findMany query={\n  \"criteria\": {},\n  \"options\": {\n    \"projection\": {\n      \"serviceSpecification\": 1,\n      \"id\": 1,\n      \"href\": 1,\n      \"@type\": 1\n    },\n    \"limit\": 250\n  }\n}"}
{"level":"info","message":"NotificationHandler:: publish ri-internal-event ServiceNotification"}
{"level":"info","message":"responseHeaderParams=[{\"X-Total-Count\":6},{\"X-Result-Count\":6},{\"Link\":\"<http://localhost:8638/tmf-api/serviceInventoryManagement/v5/service/?fields=serviceSpecification,id,href,@type&limit=250>; rel=\\\"self\\\"\"}]"}
{"level":"info","message":"Service::show: retrieveService Service"}
{"level":"info","message":"getSingleKey:: #1 res=487e1e1e-cac8-4bdc-8dae-a7246aa0e970"}
{"level":"info","message":"show:: resourceType=Service query={\"criteria\":{\"id\":\"487e1e1e-cac8-4bdc-8dae-a7246aa0e970\"},\"options\":{\"projection\":{\"serviceSpecification\":1,\"id\":1,\"href\":1,\"@type\":1},\"limit\":250}}"}
{"level":"info","message":"NotificationHandler:: publish ri-internal-event ServiceNotification"}
{"level":"info","message":"Service::index: listService Service"}
{"level":"info","message":"mongo::findMany query={\n  \"criteria\": {},\n  \"options\": {\n    \"projection\": {\n      \"serviceSpecification\": 1,\n      \"id\": 1,\n      \"href\": 1,\n      \"@type\": 1\n    },\n    \"limit\": 250\n  }\n}"}
{"level":"info","message":"NotificationHandler:: publish ri-internal-event ServiceNotification"}
{"level":"info","message":"responseHeaderParams=[{\"X-Total-Count\":6},{\"X-Result-Count\":6},{\"Link\":\"<http://localhost:8638/tmf-api/serviceInventoryManagement/v5/service/?fields=serviceSpecification,id,href,@type&limit=250>; rel=\\\"self\\\"\"}]"}
{"level":"info","message":"Service::index: listService Service"}
{"level":"info","message":"mongo::findMany query={\n  \"criteria\": {},\n  \"options\": {\n    \"projection\": {},\n    \"limit\": 250\n  }\n}"}
{"level":"info","message":"NotificationHandler:: publish ri-internal-event ServiceNotification"}
{"level":"info","message":"responseHeaderParams=[{\"X-Total-Count\":6},{\"X-Result-Count\":6},{\"Link\":\"<http://localhost:8638/tmf-api/serviceInventoryManagement/v5/service/?limit=250>; rel=\\\"self\\\"\"}]"}
{"level":"error","message":"could not write message KafkaJSNumberOfRetriesExceeded: Connection error: connect ECONNREFUSED ::1:9092"}
{"level":"info","message":"Service::show: retrieveService Service"}
{"level":"info","message":"getSingleKey:: #1 res=487e1e1e-cac8-4bdc-8dae-a7246aa0e970"}
{"level":"info","message":"show:: resourceType=Service query={\"criteria\":{\"id\":\"487e1e1e-cac8-4bdc-8dae-a7246aa0e970\"},\"options\":{\"projection\":{\"state\":1,\"id\":1,\"href\":1,\"@type\":1},\"limit\":250}}"}
{"level":"info","message":"NotificationHandler:: publish ri-internal-event ServiceNotification"}
{"level":"info","message":"Service::index: listService Service"}
{"level":"info","message":"mongo::findMany query={\n  \"criteria\": {},\n  \"options\": {\n    \"projection\": {\n      \"state\": 1,\n      \"id\": 1,\n      \"href\": 1,\n      \"@type\": 1\n    },\n    \"limit\": 250\n  }\n}"}
{"level":"info","message":"NotificationHandler:: publish ri-internal-event ServiceNotification"}
{"level":"info","message":"responseHeaderParams=[{\"X-Total-Count\":6},{\"X-Result-Count\":6},{\"Link\":\"<http://localhost:8638/tmf-api/serviceInventoryManagement/v5/service/?fields=state,id,href,@type&limit=250>; rel=\\\"self\\\"\"}]"}
{"level":"info","message":"Service::show: retrieveService Service"}
{"level":"info","message":"getSingleKey:: #1 res=487e1e1e-cac8-4bdc-8dae-a7246aa0e970"}
{"level":"info","message":"show:: resourceType=Service query={\"criteria\":{\"id\":\"487e1e1e-cac8-4bdc-8dae-a7246aa0e970\"},\"options\":{\"projection\":{\"state\":1,\"id\":1,\"href\":1,\"@type\":1},\"limit\":250}}"}
{"level":"info","message":"NotificationHandler:: publish ri-internal-event ServiceNotification"}
{"level":"info","message":"Service::index: listService Service"}
{"level":"info","message":"mongo::findMany query={\n  \"criteria\": {},\n  \"options\": {\n    \"projection\": {\n      \"state\": 1,\n      \"id\": 1,\n      \"href\": 1,\n      \"@type\": 1\n    },\n    \"limit\": 250\n  }\n}"}
{"level":"info","message":"NotificationHandler:: publish ri-internal-event ServiceNotification"}
{"level":"info","message":"responseHeaderParams=[{\"X-Total-Count\":6},{\"X-Result-Count\":6},{\"Link\":\"<http://localhost:8638/tmf-api/serviceInventoryManagement/v5/service/?fields=state,id,href,@type&limit=250>; rel=\\\"self\\\"\"}]"}
{"level":"info","message":"Service::index: listService Service"}
{"level":"info","message":"mongo::findMany query={\n  \"criteria\": {},\n  \"options\": {\n    \"projection\": {},\n    \"limit\": 250\n  }\n}"}
{"level":"info","message":"NotificationHandler:: publish ri-internal-event ServiceNotification"}
{"level":"info","message":"responseHeaderParams=[{\"X-Total-Count\":6},{\"X-Result-Count\":6},{\"Link\":\"<http://localhost:8638/tmf-api/serviceInventoryManagement/v5/service/?limit=250>; rel=\\\"self\\\"\"}]"}
{"level":"error","message":"could not write message KafkaJSNumberOfRetriesExceeded: Connection error: connect ECONNREFUSED ::1:9092"}
{"level":"error","message":"could not write message KafkaJSNumberOfRetriesExceeded: Connection error: connect ECONNREFUSED ::1:9092"}
{"level":"error","message":"could not write message KafkaJSNumberOfRetriesExceeded: Connection error: connect ECONNREFUSED ::1:9092"}
{"level":"error","message":"could not write message KafkaJSNumberOfRetriesExceeded: Connection error: connect ECONNREFUSED ::1:9092"}
{"level":"error","message":"could not write message KafkaJSNumberOfRetriesExceeded: Connection error: connect ECONNREFUSED ::1:9092"}
{"level":"error","message":"could not write message KafkaJSNumberOfRetriesExceeded: Connection error: connect ECONNREFUSED ::1:9092"}
{"level":"error","message":"could not write message KafkaJSNumberOfRetriesExceeded: Connection error: connect ECONNREFUSED ::1:9092"}
{"level":"error","message":"could not write message KafkaJSNumberOfRetriesExceeded: Connection error: connect ECONNREFUSED ::1:9092"}
{"level":"error","message":"could not write message KafkaJSNumberOfRetriesExceeded: Connection error: connect ECONNREFUSED ::1:9092"}
{"level":"error","message":"could not write message KafkaJSNumberOfRetriesExceeded: Connection error: connect ECONNREFUSED ::1:9092"}
{"level":"error","message":"could not write message KafkaJSNumberOfRetriesExceeded: Connection error: connect ECONNREFUSED ::1:9092"}
{"level":"error","message":"could not write message KafkaJSNumberOfRetriesExceeded: Connection error: connect ECONNREFUSED ::1:9092"}
{"level":"info","message":"Service::create: createService Service"}
{"level":"info","message":"getResponseType: path not found (path=/tmf-api/serviceInventoryManagement/v5/service/)"}
{"level":"info","message":"... replace date with native Date type"}
{"level":"info","message":"... processMissingProperties: Service"}
{"level":"info","message":"populateMandatoryAttributes: type=Service"}
{"level":"info","message":"... processExcludedInPost: Service Service_Create"}
{"level":"info","message":"... processExcludedInPost: undefined not found"}
{"level":"info","message":"NotificationHandler:: publish ri-internal-event ServiceCreationNotification"}
{"level":"info","message":"Service::index: listService Service"}
{"level":"info","message":"mongo::findMany query={\n  \"criteria\": {},\n  \"options\": {\n    \"projection\": {},\n    \"limit\": 250\n  }\n}"}
{"level":"info","message":"NotificationHandler:: publish ri-internal-event ServiceNotification"}
{"level":"info","message":"responseHeaderParams=[{\"X-Total-Count\":7},{\"X-Result-Count\":7},{\"Link\":\"<http://localhost:8638/tmf-api/serviceInventoryManagement/v5/service/?limit=250>; rel=\\\"self\\\"\"}]"}
{"level":"info","message":"Service::show: retrieveService Service"}
{"level":"info","message":"getSingleKey:: #1 res=aa692e16-5f83-4865-af29-f8cd823b9697"}
{"level":"info","message":"show:: resourceType=Service query={\"criteria\":{\"id\":\"aa692e16-5f83-4865-af29-f8cd823b9697\"},\"options\":{\"projection\":{},\"limit\":250}}"}
{"level":"info","message":"NotificationHandler:: publish ri-internal-event ServiceNotification"}
{"level":"info","message":"Service::show: retrieveService Service"}
{"level":"info","message":"getSingleKey:: #1 res=aa692e16-5f83-4865-af29-f8cd823b9697"}
{"level":"info","message":"show:: resourceType=Service query={\"criteria\":{\"id\":\"aa692e16-5f83-4865-af29-f8cd823b9697\"},\"options\":{\"projection\":{\"serviceSpecification\":1,\"id\":1,\"href\":1,\"@type\":1},\"limit\":250}}"}
{"level":"info","message":"NotificationHandler:: publish ri-internal-event ServiceNotification"}
{"level":"info","message":"Service::index: listService Service"}
{"level":"info","message":"mongo::findMany query={\n  \"criteria\": {},\n  \"options\": {\n    \"projection\": {\n      \"serviceSpecification\": 1,\n      \"id\": 1,\n      \"href\": 1,\n      \"@type\": 1\n    },\n    \"limit\": 250\n  }\n}"}
{"level":"info","message":"NotificationHandler:: publish ri-internal-event ServiceNotification"}
{"level":"info","message":"responseHeaderParams=[{\"X-Total-Count\":7},{\"X-Result-Count\":7},{\"Link\":\"<http://localhost:8638/tmf-api/serviceInventoryManagement/v5/service/?fields=serviceSpecification,id,href,@type&limit=250>; rel=\\\"self\\\"\"}]"}
{"level":"info","message":"Service::show: retrieveService Service"}
{"level":"info","message":"getSingleKey:: #1 res=aa692e16-5f83-4865-af29-f8cd823b9697"}
{"level":"info","message":"show:: resourceType=Service query={\"criteria\":{\"id\":\"aa692e16-5f83-4865-af29-f8cd823b9697\"},\"options\":{\"projection\":{\"serviceSpecification\":1,\"id\":1,\"href\":1,\"@type\":1},\"limit\":250}}"}
{"level":"info","message":"NotificationHandler:: publish ri-internal-event ServiceNotification"}
{"level":"info","message":"Service::index: listService Service"}
{"level":"info","message":"mongo::findMany query={\n  \"criteria\": {},\n  \"options\": {\n    \"projection\": {\n      \"serviceSpecification\": 1,\n      \"id\": 1,\n      \"href\": 1,\n      \"@type\": 1\n    },\n    \"limit\": 250\n  }\n}"}
{"level":"info","message":"NotificationHandler:: publish ri-internal-event ServiceNotification"}
{"level":"info","message":"responseHeaderParams=[{\"X-Total-Count\":7},{\"X-Result-Count\":7},{\"Link\":\"<http://localhost:8638/tmf-api/serviceInventoryManagement/v5/service/?fields=serviceSpecification,id,href,@type&limit=250>; rel=\\\"self\\\"\"}]"}
{"level":"info","message":"Service::index: listService Service"}
{"level":"info","message":"mongo::findMany query={\n  \"criteria\": {},\n  \"options\": {\n    \"projection\": {},\n    \"limit\": 250\n  }\n}"}
{"level":"info","message":"NotificationHandler:: publish ri-internal-event ServiceNotification"}
{"level":"info","message":"responseHeaderParams=[{\"X-Total-Count\":7},{\"X-Result-Count\":7},{\"Link\":\"<http://localhost:8638/tmf-api/serviceInventoryManagement/v5/service/?limit=250>; rel=\\\"self\\\"\"}]"}
{"level":"info","message":"Service::show: retrieveService Service"}
{"level":"info","message":"getSingleKey:: #1 res=aa692e16-5f83-4865-af29-f8cd823b9697"}
{"level":"info","message":"show:: resourceType=Service query={\"criteria\":{\"id\":\"aa692e16-5f83-4865-af29-f8cd823b9697\"},\"options\":{\"projection\":{\"state\":1,\"id\":1,\"href\":1,\"@type\":1},\"limit\":250}}"}
{"level":"info","message":"NotificationHandler:: publish ri-internal-event ServiceNotification"}
{"level":"info","message":"Service::index: listService Service"}
{"level":"info","message":"mongo::findMany query={\n  \"criteria\": {},\n  \"options\": {\n    \"projection\": {\n      \"state\": 1,\n      \"id\": 1,\n      \"href\": 1,\n      \"@type\": 1\n    },\n    \"limit\": 250\n  }\n}"}
{"level":"info","message":"NotificationHandler:: publish ri-internal-event ServiceNotification"}
{"level":"info","message":"responseHeaderParams=[{\"X-Total-Count\":7},{\"X-Result-Count\":7},{\"Link\":\"<http://localhost:8638/tmf-api/serviceInventoryManagement/v5/service/?fields=state,id,href,@type&limit=250>; rel=\\\"self\\\"\"}]"}
{"level":"error","message":"could not write message KafkaJSNumberOfRetriesExceeded: Connection error: connect ECONNREFUSED ::1:9092"}
{"level":"info","message":"Service::show: retrieveService Service"}
{"level":"info","message":"getSingleKey:: #1 res=aa692e16-5f83-4865-af29-f8cd823b9697"}
{"level":"info","message":"show:: resourceType=Service query={\"criteria\":{\"id\":\"aa692e16-5f83-4865-af29-f8cd823b9697\"},\"options\":{\"projection\":{\"state\":1,\"id\":1,\"href\":1,\"@type\":1},\"limit\":250}}"}
{"level":"info","message":"NotificationHandler:: publish ri-internal-event ServiceNotification"}
{"level":"info","message":"Service::index: listService Service"}
{"level":"info","message":"mongo::findMany query={\n  \"criteria\": {},\n  \"options\": {\n    \"projection\": {\n      \"state\": 1,\n      \"id\": 1,\n      \"href\": 1,\n      \"@type\": 1\n    },\n    \"limit\": 250\n  }\n}"}
{"level":"info","message":"NotificationHandler:: publish ri-internal-event ServiceNotification"}
{"level":"info","message":"responseHeaderParams=[{\"X-Total-Count\":7},{\"X-Result-Count\":7},{\"Link\":\"<http://localhost:8638/tmf-api/serviceInventoryManagement/v5/service/?fields=state,id,href,@type&limit=250>; rel=\\\"self\\\"\"}]"}
{"level":"error","message":"could not write message KafkaJSNumberOfRetriesExceeded: Connection error: connect ECONNREFUSED ::1:9092"}
{"level":"error","message":"could not write message KafkaJSNumberOfRetriesExceeded: Connection error: connect ECONNREFUSED ::1:9092"}
{"level":"info","message":"Service::index: listService Service"}
{"level":"info","message":"mongo::findMany query={\n  \"criteria\": {},\n  \"options\": {\n    \"projection\": {},\n    \"limit\": 250\n  }\n}"}
{"level":"info","message":"NotificationHandler:: publish ri-internal-event ServiceNotification"}
{"level":"info","message":"responseHeaderParams=[{\"X-Total-Count\":7},{\"X-Result-Count\":7},{\"Link\":\"<http://localhost:8638/tmf-api/serviceInventoryManagement/v5/service/?limit=250>; rel=\\\"self\\\"\"}]"}
{"level":"error","message":"could not write message KafkaJSNumberOfRetriesExceeded: Connection error: connect ECONNREFUSED ::1:9092"}
{"level":"error","message":"could not write message KafkaJSNumberOfRetriesExceeded: Connection error: connect ECONNREFUSED ::1:9092"}
{"level":"error","message":"could not write message KafkaJSNumberOfRetriesExceeded: Connection error: connect ECONNREFUSED ::1:9092"}
{"level":"error","message":"could not write message KafkaJSNumberOfRetriesExceeded: Connection error: connect ECONNREFUSED ::1:9092"}
{"level":"error","message":"could not write message KafkaJSNumberOfRetriesExceeded: Connection error: connect ECONNREFUSED ::1:9092"}
{"level":"error","message":"could not write message KafkaJSNumberOfRetriesExceeded: Connection error: connect ECONNREFUSED ::1:9092"}
{"level":"error","message":"could not write message KafkaJSNumberOfRetriesExceeded: Connection error: connect ECONNREFUSED ::1:9092"}
{"level":"error","message":"could not write message KafkaJSNumberOfRetriesExceeded: Connection error: connect ECONNREFUSED ::1:9092"}
{"level":"error","message":"could not write message KafkaJSNumberOfRetriesExceeded: Connection error: connect ECONNREFUSED ::1:9092"}
{"level":"error","message":"could not write message KafkaJSNumberOfRetriesExceeded: Connection error: connect ECONNREFUSED ::1:9092"}
{"level":"info","message":"Service::create: createService Service"}
{"level":"info","message":"getResponseType: path not found (path=/tmf-api/serviceInventoryManagement/v5/service/)"}
{"level":"info","message":"... replace date with native Date type"}
{"level":"info","message":"... processMissingProperties: Service"}
{"level":"info","message":"populateMandatoryAttributes: type=Service"}
{"level":"info","message":"... processExcludedInPost: Service Service_Create"}
{"level":"info","message":"... processExcludedInPost: undefined not found"}
{"level":"info","message":"NotificationHandler:: publish ri-internal-event ServiceCreationNotification"}
{"level":"info","message":"Service::index: listService Service"}
{"level":"info","message":"mongo::findMany query={\n  \"criteria\": {},\n  \"options\": {\n    \"projection\": {},\n    \"limit\": 250\n  }\n}"}
{"level":"info","message":"NotificationHandler:: publish ri-internal-event ServiceNotification"}
{"level":"info","message":"responseHeaderParams=[{\"X-Total-Count\":8},{\"X-Result-Count\":8},{\"Link\":\"<http://localhost:8638/tmf-api/serviceInventoryManagement/v5/service/?limit=250>; rel=\\\"self\\\"\"}]"}
{"level":"info","message":"Service::show: retrieveService Service"}
{"level":"info","message":"getSingleKey:: #1 res=d050ebd3-9499-4b64-bbcc-472f30409238"}
{"level":"info","message":"show:: resourceType=Service query={\"criteria\":{\"id\":\"d050ebd3-9499-4b64-bbcc-472f30409238\"},\"options\":{\"projection\":{},\"limit\":250}}"}
{"level":"info","message":"NotificationHandler:: publish ri-internal-event ServiceNotification"}
{"level":"info","message":"Service::show: retrieveService Service"}
{"level":"info","message":"getSingleKey:: #1 res=d050ebd3-9499-4b64-bbcc-472f30409238"}
{"level":"info","message":"show:: resourceType=Service query={\"criteria\":{\"id\":\"d050ebd3-9499-4b64-bbcc-472f30409238\"},\"options\":{\"projection\":{\"serviceSpecification\":1,\"id\":1,\"href\":1,\"@type\":1},\"limit\":250}}"}
{"level":"info","message":"NotificationHandler:: publish ri-internal-event ServiceNotification"}
{"level":"info","message":"Service::index: listService Service"}
{"level":"info","message":"mongo::findMany query={\n  \"criteria\": {},\n  \"options\": {\n    \"projection\": {\n      \"serviceSpecification\": 1,\n      \"id\": 1,\n      \"href\": 1,\n      \"@type\": 1\n    },\n    \"limit\": 250\n  }\n}"}
{"level":"info","message":"NotificationHandler:: publish ri-internal-event ServiceNotification"}
{"level":"info","message":"responseHeaderParams=[{\"X-Total-Count\":8},{\"X-Result-Count\":8},{\"Link\":\"<http://localhost:8638/tmf-api/serviceInventoryManagement/v5/service/?fields=serviceSpecification,id,href,@type&limit=250>; rel=\\\"self\\\"\"}]"}
{"level":"info","message":"Service::show: retrieveService Service"}
{"level":"info","message":"getSingleKey:: #1 res=d050ebd3-9499-4b64-bbcc-472f30409238"}
{"level":"info","message":"show:: resourceType=Service query={\"criteria\":{\"id\":\"d050ebd3-9499-4b64-bbcc-472f30409238\"},\"options\":{\"projection\":{\"serviceSpecification\":1,\"id\":1,\"href\":1,\"@type\":1},\"limit\":250}}"}
{"level":"info","message":"NotificationHandler:: publish ri-internal-event ServiceNotification"}
{"level":"info","message":"Service::index: listService Service"}
{"level":"info","message":"mongo::findMany query={\n  \"criteria\": {},\n  \"options\": {\n    \"projection\": {\n      \"serviceSpecification\": 1,\n      \"id\": 1,\n      \"href\": 1,\n      \"@type\": 1\n    },\n    \"limit\": 250\n  }\n}"}
{"level":"info","message":"NotificationHandler:: publish ri-internal-event ServiceNotification"}
{"level":"info","message":"responseHeaderParams=[{\"X-Total-Count\":8},{\"X-Result-Count\":8},{\"Link\":\"<http://localhost:8638/tmf-api/serviceInventoryManagement/v5/service/?fields=serviceSpecification,id,href,@type&limit=250>; rel=\\\"self\\\"\"}]"}
{"level":"error","message":"could not write message KafkaJSNumberOfRetriesExceeded: Connection error: connect ECONNREFUSED ::1:9092"}
{"level":"info","message":"Service::index: listService Service"}
{"level":"info","message":"mongo::findMany query={\n  \"criteria\": {},\n  \"options\": {\n    \"projection\": {},\n    \"limit\": 250\n  }\n}"}
{"level":"info","message":"NotificationHandler:: publish ri-internal-event ServiceNotification"}
{"level":"info","message":"responseHeaderParams=[{\"X-Total-Count\":8},{\"X-Result-Count\":8},{\"Link\":\"<http://localhost:8638/tmf-api/serviceInventoryManagement/v5/service/?limit=250>; rel=\\\"self\\\"\"}]"}
{"level":"info","message":"Service::show: retrieveService Service"}
{"level":"info","message":"getSingleKey:: #1 res=d050ebd3-9499-4b64-bbcc-472f30409238"}
{"level":"info","message":"show:: resourceType=Service query={\"criteria\":{\"id\":\"d050ebd3-9499-4b64-bbcc-472f30409238\"},\"options\":{\"projection\":{\"state\":1,\"id\":1,\"href\":1,\"@type\":1},\"limit\":250}}"}
{"level":"info","message":"NotificationHandler:: publish ri-internal-event ServiceNotification"}
{"level":"info","message":"Service::index: listService Service"}
{"level":"info","message":"mongo::findMany query={\n  \"criteria\": {},\n  \"options\": {\n    \"projection\": {\n      \"state\": 1,\n      \"id\": 1,\n      \"href\": 1,\n      \"@type\": 1\n    },\n    \"limit\": 250\n  }\n}"}
{"level":"info","message":"NotificationHandler:: publish ri-internal-event ServiceNotification"}
{"level":"info","message":"responseHeaderParams=[{\"X-Total-Count\":8},{\"X-Result-Count\":8},{\"Link\":\"<http://localhost:8638/tmf-api/serviceInventoryManagement/v5/service/?fields=state,id,href,@type&limit=250>; rel=\\\"self\\\"\"}]"}
{"level":"info","message":"Service::show: retrieveService Service"}
{"level":"info","message":"getSingleKey:: #1 res=d050ebd3-9499-4b64-bbcc-472f30409238"}
{"level":"info","message":"show:: resourceType=Service query={\"criteria\":{\"id\":\"d050ebd3-9499-4b64-bbcc-472f30409238\"},\"options\":{\"projection\":{\"state\":1,\"id\":1,\"href\":1,\"@type\":1},\"limit\":250}}"}
{"level":"info","message":"NotificationHandler:: publish ri-internal-event ServiceNotification"}
{"level":"info","message":"Service::index: listService Service"}
{"level":"info","message":"mongo::findMany query={\n  \"criteria\": {},\n  \"options\": {\n    \"projection\": {\n      \"state\": 1,\n      \"id\": 1,\n      \"href\": 1,\n      \"@type\": 1\n    },\n    \"limit\": 250\n  }\n}"}
{"level":"info","message":"NotificationHandler:: publish ri-internal-event ServiceNotification"}
{"level":"info","message":"responseHeaderParams=[{\"X-Total-Count\":8},{\"X-Result-Count\":8},{\"Link\":\"<http://localhost:8638/tmf-api/serviceInventoryManagement/v5/service/?fields=state,id,href,@type&limit=250>; rel=\\\"self\\\"\"}]"}
{"level":"error","message":"could not write message KafkaJSNumberOfRetriesExceeded: Connection error: connect ECONNREFUSED ::1:9092"}
{"level":"error","message":"could not write message KafkaJSNumberOfRetriesExceeded: Connection error: connect ECONNREFUSED ::1:9092"}
{"level":"info","message":"Service::index: listService Service"}
{"level":"info","message":"mongo::findMany query={\n  \"criteria\": {},\n  \"options\": {\n    \"projection\": {},\n    \"limit\": 250\n  }\n}"}
{"level":"info","message":"NotificationHandler:: publish ri-internal-event ServiceNotification"}
{"level":"info","message":"responseHeaderParams=[{\"X-Total-Count\":8},{\"X-Result-Count\":8},{\"Link\":\"<http://localhost:8638/tmf-api/serviceInventoryManagement/v5/service/?limit=250>; rel=\\\"self\\\"\"}]"}
{"level":"error","message":"could not write message KafkaJSNumberOfRetriesExceeded: Connection error: connect ECONNREFUSED ::1:9092"}
{"level":"error","message":"could not write message KafkaJSNumberOfRetriesExceeded: Connection error: connect ECONNREFUSED ::1:9092"}
{"level":"error","message":"could not write message KafkaJSNumberOfRetriesExceeded: Connection error: connect ECONNREFUSED ::1:9092"}
{"level":"error","message":"could not write message KafkaJSNumberOfRetriesExceeded: Connection error: connect ECONNREFUSED ::1:9092"}
{"level":"error","message":"could not write message KafkaJSNumberOfRetriesExceeded: Connection error: connect ECONNREFUSED ::1:9092"}
{"level":"error","message":"could not write message KafkaJSNumberOfRetriesExceeded: Connection error: connect ECONNREFUSED ::1:9092"}
{"level":"error","message":"could not write message KafkaJSNumberOfRetriesExceeded: Connection error: connect ECONNREFUSED ::1:9092"}
{"level":"error","message":"could not write message KafkaJSNumberOfRetriesExceeded: Connection error: connect ECONNREFUSED ::1:9092"}
{"level":"error","message":"could not write message KafkaJSNumberOfRetriesExceeded: Connection error: connect ECONNREFUSED ::1:9092"}
{"level":"error","message":"could not write message KafkaJSNumberOfRetriesExceeded: Connection error: connect ECONNREFUSED ::1:9092"}
{"level":"info","message":"Service::create: createService Service"}
{"level":"info","message":"getResponseType: path not found (path=/tmf-api/serviceInventoryManagement/v5/service/)"}
{"level":"info","message":"... replace date with native Date type"}
{"level":"info","message":"... processMissingProperties: Service"}
{"level":"info","message":"populateMandatoryAttributes: type=Service"}
{"level":"info","message":"... processExcludedInPost: Service Service_Create"}
{"level":"info","message":"... processExcludedInPost: undefined not found"}
{"level":"info","message":"NotificationHandler:: publish ri-internal-event ServiceCreationNotification"}
{"level":"info","message":"Service::index: listService Service"}
{"level":"info","message":"mongo::findMany query={\n  \"criteria\": {},\n  \"options\": {\n    \"projection\": {},\n    \"limit\": 250\n  }\n}"}
{"level":"info","message":"NotificationHandler:: publish ri-internal-event ServiceNotification"}
{"level":"info","message":"responseHeaderParams=[{\"X-Total-Count\":9},{\"X-Result-Count\":9},{\"Link\":\"<http://localhost:8638/tmf-api/serviceInventoryManagement/v5/service/?limit=250>; rel=\\\"self\\\"\"}]"}
{"level":"info","message":"Service::show: retrieveService Service"}
{"level":"info","message":"getSingleKey:: #1 res=27beff9c-2943-4460-9a77-87726ebe0f96"}
{"level":"info","message":"show:: resourceType=Service query={\"criteria\":{\"id\":\"27beff9c-2943-4460-9a77-87726ebe0f96\"},\"options\":{\"projection\":{},\"limit\":250}}"}
{"level":"info","message":"NotificationHandler:: publish ri-internal-event ServiceNotification"}
{"level":"info","message":"Service::show: retrieveService Service"}
{"level":"info","message":"getSingleKey:: #1 res=27beff9c-2943-4460-9a77-87726ebe0f96"}
{"level":"info","message":"show:: resourceType=Service query={\"criteria\":{\"id\":\"27beff9c-2943-4460-9a77-87726ebe0f96\"},\"options\":{\"projection\":{\"serviceSpecification\":1,\"id\":1,\"href\":1,\"@type\":1},\"limit\":250}}"}
{"level":"info","message":"NotificationHandler:: publish ri-internal-event ServiceNotification"}
{"level":"info","message":"Service::index: listService Service"}
{"level":"info","message":"mongo::findMany query={\n  \"criteria\": {},\n  \"options\": {\n    \"projection\": {\n      \"serviceSpecification\": 1,\n      \"id\": 1,\n      \"href\": 1,\n      \"@type\": 1\n    },\n    \"limit\": 250\n  }\n}"}
{"level":"info","message":"NotificationHandler:: publish ri-internal-event ServiceNotification"}
{"level":"info","message":"responseHeaderParams=[{\"X-Total-Count\":9},{\"X-Result-Count\":9},{\"Link\":\"<http://localhost:8638/tmf-api/serviceInventoryManagement/v5/service/?fields=serviceSpecification,id,href,@type&limit=250>; rel=\\\"self\\\"\"}]"}
{"level":"info","message":"Service::show: retrieveService Service"}
{"level":"info","message":"getSingleKey:: #1 res=27beff9c-2943-4460-9a77-87726ebe0f96"}
{"level":"info","message":"show:: resourceType=Service query={\"criteria\":{\"id\":\"27beff9c-2943-4460-9a77-87726ebe0f96\"},\"options\":{\"projection\":{\"serviceSpecification\":1,\"id\":1,\"href\":1,\"@type\":1},\"limit\":250}}"}
{"level":"info","message":"NotificationHandler:: publish ri-internal-event ServiceNotification"}
{"level":"info","message":"Service::index: listService Service"}
{"level":"info","message":"mongo::findMany query={\n  \"criteria\": {},\n  \"options\": {\n    \"projection\": {\n      \"serviceSpecification\": 1,\n      \"id\": 1,\n      \"href\": 1,\n      \"@type\": 1\n    },\n    \"limit\": 250\n  }\n}"}
{"level":"info","message":"NotificationHandler:: publish ri-internal-event ServiceNotification"}
{"level":"info","message":"responseHeaderParams=[{\"X-Total-Count\":9},{\"X-Result-Count\":9},{\"Link\":\"<http://localhost:8638/tmf-api/serviceInventoryManagement/v5/service/?fields=serviceSpecification,id,href,@type&limit=250>; rel=\\\"self\\\"\"}]"}
{"level":"info","message":"Service::index: listService Service"}
{"level":"info","message":"mongo::findMany query={\n  \"criteria\": {},\n  \"options\": {\n    \"projection\": {},\n    \"limit\": 250\n  }\n}"}
{"level":"info","message":"NotificationHandler:: publish ri-internal-event ServiceNotification"}
{"level":"info","message":"responseHeaderParams=[{\"X-Total-Count\":9},{\"X-Result-Count\":9},{\"Link\":\"<http://localhost:8638/tmf-api/serviceInventoryManagement/v5/service/?limit=250>; rel=\\\"self\\\"\"}]"}
{"level":"info","message":"Service::show: retrieveService Service"}
{"level":"info","message":"getSingleKey:: #1 res=27beff9c-2943-4460-9a77-87726ebe0f96"}
{"level":"info","message":"show:: resourceType=Service query={\"criteria\":{\"id\":\"27beff9c-2943-4460-9a77-87726ebe0f96\"},\"options\":{\"projection\":{\"state\":1,\"id\":1,\"href\":1,\"@type\":1},\"limit\":250}}"}
{"level":"info","message":"NotificationHandler:: publish ri-internal-event ServiceNotification"}
{"level":"error","message":"could not write message KafkaJSNumberOfRetriesExceeded: Connection error: connect ECONNREFUSED ::1:9092"}
{"level":"info","message":"Service::index: listService Service"}
{"level":"info","message":"mongo::findMany query={\n  \"criteria\": {},\n  \"options\": {\n    \"projection\": {\n      \"state\": 1,\n      \"id\": 1,\n      \"href\": 1,\n      \"@type\": 1\n    },\n    \"limit\": 250\n  }\n}"}
{"level":"info","message":"NotificationHandler:: publish ri-internal-event ServiceNotification"}
{"level":"info","message":"responseHeaderParams=[{\"X-Total-Count\":9},{\"X-Result-Count\":9},{\"Link\":\"<http://localhost:8638/tmf-api/serviceInventoryManagement/v5/service/?fields=state,id,href,@type&limit=250>; rel=\\\"self\\\"\"}]"}
{"level":"error","message":"could not write message KafkaJSNumberOfRetriesExceeded: Connection error: connect ECONNREFUSED ::1:9092"}
{"level":"error","message":"could not write message KafkaJSNumberOfRetriesExceeded: Connection error: connect ECONNREFUSED ::1:9092"}
{"level":"error","message":"could not write message KafkaJSNumberOfRetriesExceeded: Connection error: connect ECONNREFUSED ::1:9092"}
{"level":"info","message":"Service::show: retrieveService Service"}
{"level":"info","message":"getSingleKey:: #1 res=27beff9c-2943-4460-9a77-87726ebe0f96"}
{"level":"info","message":"show:: resourceType=Service query={\"criteria\":{\"id\":\"27beff9c-2943-4460-9a77-87726ebe0f96\"},\"options\":{\"projection\":{\"state\":1,\"id\":1,\"href\":1,\"@type\":1},\"limit\":250}}"}
{"level":"info","message":"NotificationHandler:: publish ri-internal-event ServiceNotification"}
{"level":"info","message":"Service::index: listService Service"}
{"level":"info","message":"mongo::findMany query={\n  \"criteria\": {},\n  \"options\": {\n    \"projection\": {\n      \"state\": 1,\n      \"id\": 1,\n      \"href\": 1,\n      \"@type\": 1\n    },\n    \"limit\": 250\n  }\n}"}
{"level":"info","message":"NotificationHandler:: publish ri-internal-event ServiceNotification"}
{"level":"info","message":"responseHeaderParams=[{\"X-Total-Count\":9},{\"X-Result-Count\":9},{\"Link\":\"<http://localhost:8638/tmf-api/serviceInventoryManagement/v5/service/?fields=state,id,href,@type&limit=250>; rel=\\\"self\\\"\"}]"}
{"level":"info","message":"Service::index: listService Service"}
{"level":"info","message":"mongo::findMany query={\n  \"criteria\": {},\n  \"options\": {\n    \"projection\": {},\n    \"limit\": 250\n  }\n}"}
{"level":"info","message":"NotificationHandler:: publish ri-internal-event ServiceNotification"}
{"level":"info","message":"responseHeaderParams=[{\"X-Total-Count\":9},{\"X-Result-Count\":9},{\"Link\":\"<http://localhost:8638/tmf-api/serviceInventoryManagement/v5/service/?limit=250>; rel=\\\"self\\\"\"}]"}
{"level":"error","message":"could not write message KafkaJSNumberOfRetriesExceeded: Connection error: connect ECONNREFUSED ::1:9092"}
{"level":"error","message":"could not write message KafkaJSNumberOfRetriesExceeded: Connection error: connect ECONNREFUSED ::1:9092"}
{"level":"error","message":"could not write message KafkaJSNumberOfRetriesExceeded: Connection error: connect ECONNREFUSED ::1:9092"}
{"level":"error","message":"could not write message KafkaJSNumberOfRetriesExceeded: Connection error: connect ECONNREFUSED ::1:9092"}
{"level":"error","message":"could not write message KafkaJSNumberOfRetriesExceeded: Connection error: connect ECONNREFUSED ::1:9092"}
{"level":"error","message":"could not write message KafkaJSNumberOfRetriesExceeded: Connection error: connect ECONNREFUSED ::1:9092"}
{"level":"error","message":"could not write message KafkaJSNumberOfRetriesExceeded: Connection error: connect ECONNREFUSED ::1:9092"}
{"level":"error","message":"could not write message KafkaJSNumberOfRetriesExceeded: Connection error: connect ECONNREFUSED ::1:9092"}
{"level":"error","message":"could not write message KafkaJSNumberOfRetriesExceeded: Connection error: connect ECONNREFUSED ::1:9092"}
{"level":"info","message":"Service::create: createService Service"}
{"level":"info","message":"getResponseType: path not found (path=/tmf-api/serviceInventoryManagement/v5/service/)"}
{"level":"info","message":"... replace date with native Date type"}
{"level":"info","message":"... processMissingProperties: Service"}
{"level":"info","message":"populateMandatoryAttributes: type=Service"}
{"level":"info","message":"... processExcludedInPost: Service Service_Create"}
{"level":"info","message":"... processExcludedInPost: undefined not found"}
{"level":"info","message":"NotificationHandler:: publish ri-internal-event ServiceCreationNotification"}
{"level":"info","message":"Service::index: listService Service"}
{"level":"info","message":"mongo::findMany query={\n  \"criteria\": {},\n  \"options\": {\n    \"projection\": {},\n    \"limit\": 250\n  }\n}"}
{"level":"info","message":"NotificationHandler:: publish ri-internal-event ServiceNotification"}
{"level":"info","message":"responseHeaderParams=[{\"X-Total-Count\":10},{\"X-Result-Count\":10},{\"Link\":\"<http://localhost:8638/tmf-api/serviceInventoryManagement/v5/service/?limit=250>; rel=\\\"self\\\"\"}]"}
{"level":"info","message":"Service::show: retrieveService Service"}
{"level":"info","message":"getSingleKey:: #1 res=895c75df-f482-4954-8a73-97a2d1c8865a"}
{"level":"info","message":"show:: resourceType=Service query={\"criteria\":{\"id\":\"895c75df-f482-4954-8a73-97a2d1c8865a\"},\"options\":{\"projection\":{},\"limit\":250}}"}
{"level":"info","message":"NotificationHandler:: publish ri-internal-event ServiceNotification"}
{"level":"info","message":"Service::show: retrieveService Service"}
{"level":"info","message":"getSingleKey:: #1 res=895c75df-f482-4954-8a73-97a2d1c8865a"}
{"level":"info","message":"show:: resourceType=Service query={\"criteria\":{\"id\":\"895c75df-f482-4954-8a73-97a2d1c8865a\"},\"options\":{\"projection\":{\"serviceSpecification\":1,\"id\":1,\"href\":1,\"@type\":1},\"limit\":250}}"}
{"level":"info","message":"NotificationHandler:: publish ri-internal-event ServiceNotification"}
{"level":"info","message":"Service::index: listService Service"}
{"level":"info","message":"mongo::findMany query={\n  \"criteria\": {},\n  \"options\": {\n    \"projection\": {\n      \"serviceSpecification\": 1,\n      \"id\": 1,\n      \"href\": 1,\n      \"@type\": 1\n    },\n    \"limit\": 250\n  }\n}"}
{"level":"info","message":"NotificationHandler:: publish ri-internal-event ServiceNotification"}
{"level":"info","message":"responseHeaderParams=[{\"X-Total-Count\":10},{\"X-Result-Count\":10},{\"Link\":\"<http://localhost:8638/tmf-api/serviceInventoryManagement/v5/service/?fields=serviceSpecification,id,href,@type&limit=250>; rel=\\\"self\\\"\"}]"}
{"level":"info","message":"Service::show: retrieveService Service"}
{"level":"info","message":"getSingleKey:: #1 res=895c75df-f482-4954-8a73-97a2d1c8865a"}
{"level":"info","message":"show:: resourceType=Service query={\"criteria\":{\"id\":\"895c75df-f482-4954-8a73-97a2d1c8865a\"},\"options\":{\"projection\":{\"serviceSpecification\":1,\"id\":1,\"href\":1,\"@type\":1},\"limit\":250}}"}
{"level":"info","message":"NotificationHandler:: publish ri-internal-event ServiceNotification"}
{"level":"info","message":"Service::index: listService Service"}
{"level":"info","message":"mongo::findMany query={\n  \"criteria\": {},\n  \"options\": {\n    \"projection\": {\n      \"serviceSpecification\": 1,\n      \"id\": 1,\n      \"href\": 1,\n      \"@type\": 1\n    },\n    \"limit\": 250\n  }\n}"}
{"level":"info","message":"NotificationHandler:: publish ri-internal-event ServiceNotification"}
{"level":"info","message":"responseHeaderParams=[{\"X-Total-Count\":10},{\"X-Result-Count\":10},{\"Link\":\"<http://localhost:8638/tmf-api/serviceInventoryManagement/v5/service/?fields=serviceSpecification,id,href,@type&limit=250>; rel=\\\"self\\\"\"}]"}
{"level":"error","message":"could not write message KafkaJSNumberOfRetriesExceeded: Connection error: connect ECONNREFUSED ::1:9092"}
{"level":"info","message":"Service::index: listService Service"}
{"level":"info","message":"mongo::findMany query={\n  \"criteria\": {},\n  \"options\": {\n    \"projection\": {},\n    \"limit\": 250\n  }\n}"}
{"level":"info","message":"NotificationHandler:: publish ri-internal-event ServiceNotification"}
{"level":"info","message":"responseHeaderParams=[{\"X-Total-Count\":10},{\"X-Result-Count\":10},{\"Link\":\"<http://localhost:8638/tmf-api/serviceInventoryManagement/v5/service/?limit=250>; rel=\\\"self\\\"\"}]"}
{"level":"error","message":"could not write message KafkaJSNumberOfRetriesExceeded: Connection error: connect ECONNREFUSED ::1:9092"}
{"level":"info","message":"Service::show: retrieveService Service"}
{"level":"info","message":"getSingleKey:: #1 res=895c75df-f482-4954-8a73-97a2d1c8865a"}
{"level":"info","message":"show:: resourceType=Service query={\"criteria\":{\"id\":\"895c75df-f482-4954-8a73-97a2d1c8865a\"},\"options\":{\"projection\":{\"state\":1,\"id\":1,\"href\":1,\"@type\":1},\"limit\":250}}"}
{"level":"info","message":"NotificationHandler:: publish ri-internal-event ServiceNotification"}
{"level":"info","message":"Service::index: listService Service"}
{"level":"info","message":"mongo::findMany query={\n  \"criteria\": {},\n  \"options\": {\n    \"projection\": {\n      \"state\": 1,\n      \"id\": 1,\n      \"href\": 1,\n      \"@type\": 1\n    },\n    \"limit\": 250\n  }\n}"}
{"level":"info","message":"NotificationHandler:: publish ri-internal-event ServiceNotification"}
{"level":"info","message":"responseHeaderParams=[{\"X-Total-Count\":10},{\"X-Result-Count\":10},{\"Link\":\"<http://localhost:8638/tmf-api/serviceInventoryManagement/v5/service/?fields=state,id,href,@type&limit=250>; rel=\\\"self\\\"\"}]"}
{"level":"error","message":"could not write message KafkaJSNumberOfRetriesExceeded: Connection error: connect ECONNREFUSED ::1:9092"}
{"level":"error","message":"could not write message KafkaJSNumberOfRetriesExceeded: Connection error: connect ECONNREFUSED ::1:9092"}
{"level":"error","message":"could not write message KafkaJSNumberOfRetriesExceeded: Connection error: connect ECONNREFUSED ::1:9092"}
{"level":"info","message":"Service::show: retrieveService Service"}
{"level":"info","message":"getSingleKey:: #1 res=895c75df-f482-4954-8a73-97a2d1c8865a"}
{"level":"info","message":"show:: resourceType=Service query={\"criteria\":{\"id\":\"895c75df-f482-4954-8a73-97a2d1c8865a\"},\"options\":{\"projection\":{\"state\":1,\"id\":1,\"href\":1,\"@type\":1},\"limit\":250}}"}
{"level":"info","message":"NotificationHandler:: publish ri-internal-event ServiceNotification"}
{"level":"info","message":"Service::index: listService Service"}
{"level":"info","message":"mongo::findMany query={\n  \"criteria\": {},\n  \"options\": {\n    \"projection\": {\n      \"state\": 1,\n      \"id\": 1,\n      \"href\": 1,\n      \"@type\": 1\n    },\n    \"limit\": 250\n  }\n}"}
{"level":"info","message":"NotificationHandler:: publish ri-internal-event ServiceNotification"}
{"level":"info","message":"responseHeaderParams=[{\"X-Total-Count\":10},{\"X-Result-Count\":10},{\"Link\":\"<http://localhost:8638/tmf-api/serviceInventoryManagement/v5/service/?fields=state,id,href,@type&limit=250>; rel=\\\"self\\\"\"}]"}
{"level":"info","message":"Service::index: listService Service"}
{"level":"error","message":"could not write message KafkaJSNumberOfRetriesExceeded: Connection error: connect ECONNREFUSED ::1:9092"}
{"level":"info","message":"mongo::findMany query={\n  \"criteria\": {},\n  \"options\": {\n    \"projection\": {},\n    \"limit\": 250\n  }\n}"}
{"level":"info","message":"NotificationHandler:: publish ri-internal-event ServiceNotification"}
{"level":"info","message":"responseHeaderParams=[{\"X-Total-Count\":10},{\"X-Result-Count\":10},{\"Link\":\"<http://localhost:8638/tmf-api/serviceInventoryManagement/v5/service/?limit=250>; rel=\\\"self\\\"\"}]"}
{"level":"error","message":"could not write message KafkaJSNumberOfRetriesExceeded: Connection error: connect ECONNREFUSED ::1:9092"}
{"level":"error","message":"could not write message KafkaJSNumberOfRetriesExceeded: Connection error: connect ECONNREFUSED ::1:9092"}
{"level":"error","message":"could not write message KafkaJSNumberOfRetriesExceeded: Connection error: connect ECONNREFUSED ::1:9092"}
{"level":"error","message":"could not write message KafkaJSNumberOfRetriesExceeded: Connection error: connect ECONNREFUSED ::1:9092"}
{"level":"error","message":"could not write message KafkaJSNumberOfRetriesExceeded: Connection error: connect ECONNREFUSED ::1:9092"}
{"level":"error","message":"could not write message KafkaJSNumberOfRetriesExceeded: Connection error: connect ECONNREFUSED ::1:9092"}
{"level":"error","message":"could not write message KafkaJSNumberOfRetriesExceeded: Connection error: connect ECONNREFUSED ::1:9092"}
{"level":"info","message":"Service::create: createService Service"}
{"level":"info","message":"getResponseType: path not found (path=/tmf-api/serviceInventoryManagement/v5/service/)"}
{"level":"info","message":"... replace date with native Date type"}
{"level":"info","message":"... processMissingProperties: Service"}
{"level":"info","message":"populateMandatoryAttributes: type=Service"}
{"level":"info","message":"... processExcludedInPost: Service Service_Create"}
{"level":"info","message":"... processExcludedInPost: undefined not found"}
{"level":"info","message":"NotificationHandler:: publish ri-internal-event ServiceCreationNotification"}
{"level":"info","message":"Service::index: listService Service"}
{"level":"info","message":"mongo::findMany query={\n  \"criteria\": {},\n  \"options\": {\n    \"projection\": {},\n    \"limit\": 250\n  }\n}"}
{"level":"info","message":"NotificationHandler:: publish ri-internal-event ServiceNotification"}
{"level":"info","message":"responseHeaderParams=[{\"X-Total-Count\":11},{\"X-Result-Count\":11},{\"Link\":\"<http://localhost:8638/tmf-api/serviceInventoryManagement/v5/service/?limit=250>; rel=\\\"self\\\"\"}]"}
{"level":"info","message":"Service::show: retrieveService Service"}
{"level":"info","message":"getSingleKey:: #1 res=e94ad0dd-d885-481b-b3b0-552e6e3a748f"}
{"level":"info","message":"show:: resourceType=Service query={\"criteria\":{\"id\":\"e94ad0dd-d885-481b-b3b0-552e6e3a748f\"},\"options\":{\"projection\":{},\"limit\":250}}"}
{"level":"info","message":"NotificationHandler:: publish ri-internal-event ServiceNotification"}
{"level":"info","message":"Service::show: retrieveService Service"}
{"level":"info","message":"getSingleKey:: #1 res=e94ad0dd-d885-481b-b3b0-552e6e3a748f"}
{"level":"info","message":"show:: resourceType=Service query={\"criteria\":{\"id\":\"e94ad0dd-d885-481b-b3b0-552e6e3a748f\"},\"options\":{\"projection\":{\"serviceSpecification\":1,\"id\":1,\"href\":1,\"@type\":1},\"limit\":250}}"}
{"level":"info","message":"NotificationHandler:: publish ri-internal-event ServiceNotification"}
{"level":"info","message":"Service::index: listService Service"}
{"level":"info","message":"mongo::findMany query={\n  \"criteria\": {},\n  \"options\": {\n    \"projection\": {\n      \"serviceSpecification\": 1,\n      \"id\": 1,\n      \"href\": 1,\n      \"@type\": 1\n    },\n    \"limit\": 250\n  }\n}"}
{"level":"info","message":"NotificationHandler:: publish ri-internal-event ServiceNotification"}
{"level":"info","message":"responseHeaderParams=[{\"X-Total-Count\":11},{\"X-Result-Count\":11},{\"Link\":\"<http://localhost:8638/tmf-api/serviceInventoryManagement/v5/service/?fields=serviceSpecification,id,href,@type&limit=250>; rel=\\\"self\\\"\"}]"}
{"level":"info","message":"Service::show: retrieveService Service"}
{"level":"info","message":"getSingleKey:: #1 res=e94ad0dd-d885-481b-b3b0-552e6e3a748f"}
{"level":"info","message":"show:: resourceType=Service query={\"criteria\":{\"id\":\"e94ad0dd-d885-481b-b3b0-552e6e3a748f\"},\"options\":{\"projection\":{\"serviceSpecification\":1,\"id\":1,\"href\":1,\"@type\":1},\"limit\":250}}"}
{"level":"info","message":"NotificationHandler:: publish ri-internal-event ServiceNotification"}
{"level":"error","message":"could not write message KafkaJSNumberOfRetriesExceeded: Connection error: connect ECONNREFUSED ::1:9092"}
{"level":"info","message":"Service::index: listService Service"}
{"level":"info","message":"mongo::findMany query={\n  \"criteria\": {},\n  \"options\": {\n    \"projection\": {\n      \"serviceSpecification\": 1,\n      \"id\": 1,\n      \"href\": 1,\n      \"@type\": 1\n    },\n    \"limit\": 250\n  }\n}"}
{"level":"info","message":"NotificationHandler:: publish ri-internal-event ServiceNotification"}
{"level":"info","message":"responseHeaderParams=[{\"X-Total-Count\":11},{\"X-Result-Count\":11},{\"Link\":\"<http://localhost:8638/tmf-api/serviceInventoryManagement/v5/service/?fields=serviceSpecification,id,href,@type&limit=250>; rel=\\\"self\\\"\"}]"}
{"level":"info","message":"Service::index: listService Service"}
{"level":"info","message":"mongo::findMany query={\n  \"criteria\": {},\n  \"options\": {\n    \"projection\": {},\n    \"limit\": 250\n  }\n}"}
{"level":"info","message":"NotificationHandler:: publish ri-internal-event ServiceNotification"}
{"level":"info","message":"responseHeaderParams=[{\"X-Total-Count\":11},{\"X-Result-Count\":11},{\"Link\":\"<http://localhost:8638/tmf-api/serviceInventoryManagement/v5/service/?limit=250>; rel=\\\"self\\\"\"}]"}
{"level":"info","message":"Service::show: retrieveService Service"}
{"level":"info","message":"getSingleKey:: #1 res=e94ad0dd-d885-481b-b3b0-552e6e3a748f"}
{"level":"info","message":"show:: resourceType=Service query={\"criteria\":{\"id\":\"e94ad0dd-d885-481b-b3b0-552e6e3a748f\"},\"options\":{\"projection\":{\"state\":1,\"id\":1,\"href\":1,\"@type\":1},\"limit\":250}}"}
{"level":"info","message":"NotificationHandler:: publish ri-internal-event ServiceNotification"}
{"level":"error","message":"could not write message KafkaJSNumberOfRetriesExceeded: Connection error: connect ECONNREFUSED ::1:9092"}
{"level":"info","message":"Service::index: listService Service"}
{"level":"info","message":"mongo::findMany query={\n  \"criteria\": {},\n  \"options\": {\n    \"projection\": {\n      \"state\": 1,\n      \"id\": 1,\n      \"href\": 1,\n      \"@type\": 1\n    },\n    \"limit\": 250\n  }\n}"}
{"level":"info","message":"NotificationHandler:: publish ri-internal-event ServiceNotification"}
{"level":"info","message":"responseHeaderParams=[{\"X-Total-Count\":11},{\"X-Result-Count\":11},{\"Link\":\"<http://localhost:8638/tmf-api/serviceInventoryManagement/v5/service/?fields=state,id,href,@type&limit=250>; rel=\\\"self\\\"\"}]"}
{"level":"error","message":"could not write message KafkaJSNumberOfRetriesExceeded: Connection error: connect ECONNREFUSED ::1:9092"}
{"level":"error","message":"could not write message KafkaJSNumberOfRetriesExceeded: Connection error: connect ECONNREFUSED ::1:9092"}
{"level":"info","message":"Service::show: retrieveService Service"}
{"level":"info","message":"getSingleKey:: #1 res=e94ad0dd-d885-481b-b3b0-552e6e3a748f"}
{"level":"info","message":"show:: resourceType=Service query={\"criteria\":{\"id\":\"e94ad0dd-d885-481b-b3b0-552e6e3a748f\"},\"options\":{\"projection\":{\"state\":1,\"id\":1,\"href\":1,\"@type\":1},\"limit\":250}}"}
{"level":"info","message":"NotificationHandler:: publish ri-internal-event ServiceNotification"}
{"level":"info","message":"Service::index: listService Service"}
{"level":"info","message":"mongo::findMany query={\n  \"criteria\": {},\n  \"options\": {\n    \"projection\": {\n      \"state\": 1,\n      \"id\": 1,\n      \"href\": 1,\n      \"@type\": 1\n    },\n    \"limit\": 250\n  }\n}"}
{"level":"info","message":"NotificationHandler:: publish ri-internal-event ServiceNotification"}
{"level":"info","message":"responseHeaderParams=[{\"X-Total-Count\":11},{\"X-Result-Count\":11},{\"Link\":\"<http://localhost:8638/tmf-api/serviceInventoryManagement/v5/service/?fields=state,id,href,@type&limit=250>; rel=\\\"self\\\"\"}]"}
{"level":"error","message":"could not write message KafkaJSNumberOfRetriesExceeded: Connection error: connect ECONNREFUSED ::1:9092"}
{"level":"error","message":"could not write message KafkaJSNumberOfRetriesExceeded: Connection error: connect ECONNREFUSED ::1:9092"}
{"level":"error","message":"could not write message KafkaJSNumberOfRetriesExceeded: Connection error: connect ECONNREFUSED ::1:9092"}
{"level":"info","message":"Service::index: listService Service"}
{"level":"info","message":"mongo::findMany query={\n  \"criteria\": {},\n  \"options\": {\n    \"projection\": {},\n    \"limit\": 250\n  }\n}"}
{"level":"info","message":"NotificationHandler:: publish ri-internal-event ServiceNotification"}
{"level":"info","message":"responseHeaderParams=[{\"X-Total-Count\":11},{\"X-Result-Count\":11},{\"Link\":\"<http://localhost:8638/tmf-api/serviceInventoryManagement/v5/service/?limit=250>; rel=\\\"self\\\"\"}]"}
{"level":"error","message":"could not write message KafkaJSNumberOfRetriesExceeded: Connection error: connect ECONNREFUSED ::1:9092"}
{"level":"error","message":"could not write message KafkaJSNumberOfRetriesExceeded: Connection error: connect ECONNREFUSED ::1:9092"}
{"level":"error","message":"could not write message KafkaJSNumberOfRetriesExceeded: Connection error: connect ECONNREFUSED ::1:9092"}
{"level":"error","message":"could not write message KafkaJSNumberOfRetriesExceeded: Connection error: connect ECONNREFUSED ::1:9092"}
{"level":"error","message":"could not write message KafkaJSNumberOfRetriesExceeded: Connection error: connect ECONNREFUSED ::1:9092"}
{"level":"error","message":"could not write message KafkaJSNumberOfRetriesExceeded: Connection error: connect ECONNREFUSED ::1:9092"}
{"level":"info","message":"Service::create: createService Service"}
{"level":"info","message":"getResponseType: path not found (path=/tmf-api/serviceInventoryManagement/v5/service/)"}
{"level":"info","message":"... replace date with native Date type"}
{"level":"info","message":"... processMissingProperties: Service"}
{"level":"info","message":"populateMandatoryAttributes: type=Service"}
{"level":"info","message":"... processExcludedInPost: Service Service_Create"}
{"level":"info","message":"... processExcludedInPost: undefined not found"}
{"level":"info","message":"NotificationHandler:: publish ri-internal-event ServiceCreationNotification"}
{"level":"info","message":"Service::index: listService Service"}
{"level":"info","message":"mongo::findMany query={\n  \"criteria\": {},\n  \"options\": {\n    \"projection\": {},\n    \"limit\": 250\n  }\n}"}
{"level":"info","message":"NotificationHandler:: publish ri-internal-event ServiceNotification"}
{"level":"info","message":"responseHeaderParams=[{\"X-Total-Count\":12},{\"X-Result-Count\":12},{\"Link\":\"<http://localhost:8638/tmf-api/serviceInventoryManagement/v5/service/?limit=250>; rel=\\\"self\\\"\"}]"}
{"level":"info","message":"Service::show: retrieveService Service"}
{"level":"info","message":"getSingleKey:: #1 res=bc7e82c9-b5b1-4dd1-9557-01030baa7aa9"}
{"level":"info","message":"show:: resourceType=Service query={\"criteria\":{\"id\":\"bc7e82c9-b5b1-4dd1-9557-01030baa7aa9\"},\"options\":{\"projection\":{},\"limit\":250}}"}
{"level":"info","message":"NotificationHandler:: publish ri-internal-event ServiceNotification"}
{"level":"info","message":"Service::show: retrieveService Service"}
{"level":"info","message":"getSingleKey:: #1 res=bc7e82c9-b5b1-4dd1-9557-01030baa7aa9"}
{"level":"info","message":"show:: resourceType=Service query={\"criteria\":{\"id\":\"bc7e82c9-b5b1-4dd1-9557-01030baa7aa9\"},\"options\":{\"projection\":{\"serviceSpecification\":1,\"id\":1,\"href\":1,\"@type\":1},\"limit\":250}}"}
{"level":"info","message":"NotificationHandler:: publish ri-internal-event ServiceNotification"}
{"level":"info","message":"Service::index: listService Service"}
{"level":"info","message":"mongo::findMany query={\n  \"criteria\": {},\n  \"options\": {\n    \"projection\": {\n      \"serviceSpecification\": 1,\n      \"id\": 1,\n      \"href\": 1,\n      \"@type\": 1\n    },\n    \"limit\": 250\n  }\n}"}
{"level":"info","message":"NotificationHandler:: publish ri-internal-event ServiceNotification"}
{"level":"info","message":"responseHeaderParams=[{\"X-Total-Count\":12},{\"X-Result-Count\":12},{\"Link\":\"<http://localhost:8638/tmf-api/serviceInventoryManagement/v5/service/?fields=serviceSpecification,id,href,@type&limit=250>; rel=\\\"self\\\"\"}]"}
{"level":"info","message":"Service::show: retrieveService Service"}
{"level":"info","message":"getSingleKey:: #1 res=bc7e82c9-b5b1-4dd1-9557-01030baa7aa9"}
{"level":"info","message":"show:: resourceType=Service query={\"criteria\":{\"id\":\"bc7e82c9-b5b1-4dd1-9557-01030baa7aa9\"},\"options\":{\"projection\":{\"serviceSpecification\":1,\"id\":1,\"href\":1,\"@type\":1},\"limit\":250}}"}
{"level":"info","message":"NotificationHandler:: publish ri-internal-event ServiceNotification"}
{"level":"error","message":"could not write message KafkaJSNumberOfRetriesExceeded: Connection error: connect ECONNREFUSED ::1:9092"}
{"level":"info","message":"Service::index: listService Service"}
{"level":"info","message":"mongo::findMany query={\n  \"criteria\": {},\n  \"options\": {\n    \"projection\": {\n      \"serviceSpecification\": 1,\n      \"id\": 1,\n      \"href\": 1,\n      \"@type\": 1\n    },\n    \"limit\": 250\n  }\n}"}
{"level":"info","message":"NotificationHandler:: publish ri-internal-event ServiceNotification"}
{"level":"info","message":"responseHeaderParams=[{\"X-Total-Count\":12},{\"X-Result-Count\":12},{\"Link\":\"<http://localhost:8638/tmf-api/serviceInventoryManagement/v5/service/?fields=serviceSpecification,id,href,@type&limit=250>; rel=\\\"self\\\"\"}]"}
{"level":"info","message":"Service::index: listService Service"}
{"level":"info","message":"mongo::findMany query={\n  \"criteria\": {},\n  \"options\": {\n    \"projection\": {},\n    \"limit\": 250\n  }\n}"}
{"level":"info","message":"NotificationHandler:: publish ri-internal-event ServiceNotification"}
{"level":"info","message":"responseHeaderParams=[{\"X-Total-Count\":12},{\"X-Result-Count\":12},{\"Link\":\"<http://localhost:8638/tmf-api/serviceInventoryManagement/v5/service/?limit=250>; rel=\\\"self\\\"\"}]"}
{"level":"error","message":"could not write message KafkaJSNumberOfRetriesExceeded: Connection error: connect ECONNREFUSED ::1:9092"}
{"level":"error","message":"could not write message KafkaJSNumberOfRetriesExceeded: Connection error: connect ECONNREFUSED ::1:9092"}
{"level":"info","message":"Service::show: retrieveService Service"}
{"level":"info","message":"getSingleKey:: #1 res=bc7e82c9-b5b1-4dd1-9557-01030baa7aa9"}
{"level":"info","message":"show:: resourceType=Service query={\"criteria\":{\"id\":\"bc7e82c9-b5b1-4dd1-9557-01030baa7aa9\"},\"options\":{\"projection\":{\"state\":1,\"id\":1,\"href\":1,\"@type\":1},\"limit\":250}}"}
{"level":"info","message":"NotificationHandler:: publish ri-internal-event ServiceNotification"}
{"level":"info","message":"Service::index: listService Service"}
{"level":"info","message":"mongo::findMany query={\n  \"criteria\": {},\n  \"options\": {\n    \"projection\": {\n      \"state\": 1,\n      \"id\": 1,\n      \"href\": 1,\n      \"@type\": 1\n    },\n    \"limit\": 250\n  }\n}"}
{"level":"info","message":"NotificationHandler:: publish ri-internal-event ServiceNotification"}
{"level":"info","message":"responseHeaderParams=[{\"X-Total-Count\":12},{\"X-Result-Count\":12},{\"Link\":\"<http://localhost:8638/tmf-api/serviceInventoryManagement/v5/service/?fields=state,id,href,@type&limit=250>; rel=\\\"self\\\"\"}]"}
{"level":"error","message":"could not write message KafkaJSNumberOfRetriesExceeded: Connection error: connect ECONNREFUSED ::1:9092"}
{"level":"error","message":"could not write message KafkaJSNumberOfRetriesExceeded: Connection error: connect ECONNREFUSED ::1:9092"}
{"level":"info","message":"Service::show: retrieveService Service"}
{"level":"info","message":"getSingleKey:: #1 res=bc7e82c9-b5b1-4dd1-9557-01030baa7aa9"}
{"level":"info","message":"show:: resourceType=Service query={\"criteria\":{\"id\":\"bc7e82c9-b5b1-4dd1-9557-01030baa7aa9\"},\"options\":{\"projection\":{\"state\":1,\"id\":1,\"href\":1,\"@type\":1},\"limit\":250}}"}
{"level":"info","message":"NotificationHandler:: publish ri-internal-event ServiceNotification"}
{"level":"error","message":"could not write message KafkaJSNumberOfRetriesExceeded: Connection error: connect ECONNREFUSED ::1:9092"}
{"level":"info","message":"Service::index: listService Service"}
{"level":"info","message":"mongo::findMany query={\n  \"criteria\": {},\n  \"options\": {\n    \"projection\": {\n      \"state\": 1,\n      \"id\": 1,\n      \"href\": 1,\n      \"@type\": 1\n    },\n    \"limit\": 250\n  }\n}"}
{"level":"info","message":"NotificationHandler:: publish ri-internal-event ServiceNotification"}
{"level":"info","message":"responseHeaderParams=[{\"X-Total-Count\":12},{\"X-Result-Count\":12},{\"Link\":\"<http://localhost:8638/tmf-api/serviceInventoryManagement/v5/service/?fields=state,id,href,@type&limit=250>; rel=\\\"self\\\"\"}]"}
{"level":"error","message":"could not write message KafkaJSNumberOfRetriesExceeded: Connection error: connect ECONNREFUSED ::1:9092"}
{"level":"info","message":"Service::index: listService Service"}
{"level":"info","message":"mongo::findMany query={\n  \"criteria\": {},\n  \"options\": {\n    \"projection\": {},\n    \"limit\": 250\n  }\n}"}
{"level":"info","message":"NotificationHandler:: publish ri-internal-event ServiceNotification"}
{"level":"info","message":"responseHeaderParams=[{\"X-Total-Count\":12},{\"X-Result-Count\":12},{\"Link\":\"<http://localhost:8638/tmf-api/serviceInventoryManagement/v5/service/?limit=250>; rel=\\\"self\\\"\"}]"}
{"level":"error","message":"could not write message KafkaJSNumberOfRetriesExceeded: Connection error: connect ECONNREFUSED ::1:9092"}
{"level":"error","message":"could not write message KafkaJSNumberOfRetriesExceeded: Connection error: connect ECONNREFUSED ::1:9092"}
{"level":"error","message":"could not write message KafkaJSNumberOfRetriesExceeded: Connection error: connect ECONNREFUSED ::1:9092"}
{"level":"error","message":"could not write message KafkaJSNumberOfRetriesExceeded: Connection error: connect ECONNREFUSED ::1:9092"}
{"level":"info","message":"Service::create: createService Service"}
{"level":"info","message":"getResponseType: path not found (path=/tmf-api/serviceInventoryManagement/v5/service/)"}
{"level":"info","message":"... replace date with native Date type"}
{"level":"info","message":"... processMissingProperties: Service"}
{"level":"info","message":"populateMandatoryAttributes: type=Service"}
{"level":"info","message":"... processExcludedInPost: Service Service_Create"}
{"level":"info","message":"... processExcludedInPost: undefined not found"}
{"level":"info","message":"NotificationHandler:: publish ri-internal-event ServiceCreationNotification"}
{"level":"error","message":"could not write message KafkaJSNumberOfRetriesExceeded: Connection error: connect ECONNREFUSED ::1:9092"}
{"level":"info","message":"Service::index: listService Service"}
{"level":"info","message":"mongo::findMany query={\n  \"criteria\": {},\n  \"options\": {\n    \"projection\": {},\n    \"limit\": 250\n  }\n}"}
{"level":"info","message":"NotificationHandler:: publish ri-internal-event ServiceNotification"}
{"level":"info","message":"responseHeaderParams=[{\"X-Total-Count\":13},{\"X-Result-Count\":13},{\"Link\":\"<http://localhost:8638/tmf-api/serviceInventoryManagement/v5/service/?limit=250>; rel=\\\"self\\\"\"}]"}
{"level":"error","message":"could not write message KafkaJSNumberOfRetriesExceeded: Connection error: connect ECONNREFUSED ::1:9092"}
{"level":"info","message":"Service::show: retrieveService Service"}
{"level":"info","message":"getSingleKey:: #1 res=c8790b73-948e-4724-b015-e93aad0a2adb"}
{"level":"info","message":"show:: resourceType=Service query={\"criteria\":{\"id\":\"c8790b73-948e-4724-b015-e93aad0a2adb\"},\"options\":{\"projection\":{},\"limit\":250}}"}
{"level":"info","message":"NotificationHandler:: publish ri-internal-event ServiceNotification"}
{"level":"info","message":"Service::show: retrieveService Service"}
{"level":"info","message":"getSingleKey:: #1 res=c8790b73-948e-4724-b015-e93aad0a2adb"}
{"level":"info","message":"show:: resourceType=Service query={\"criteria\":{\"id\":\"c8790b73-948e-4724-b015-e93aad0a2adb\"},\"options\":{\"projection\":{\"serviceSpecification\":1,\"id\":1,\"href\":1,\"@type\":1},\"limit\":250}}"}
{"level":"info","message":"NotificationHandler:: publish ri-internal-event ServiceNotification"}
{"level":"info","message":"Service::index: listService Service"}
{"level":"info","message":"mongo::findMany query={\n  \"criteria\": {},\n  \"options\": {\n    \"projection\": {\n      \"serviceSpecification\": 1,\n      \"id\": 1,\n      \"href\": 1,\n      \"@type\": 1\n    },\n    \"limit\": 250\n  }\n}"}
{"level":"info","message":"NotificationHandler:: publish ri-internal-event ServiceNotification"}
{"level":"info","message":"responseHeaderParams=[{\"X-Total-Count\":13},{\"X-Result-Count\":13},{\"Link\":\"<http://localhost:8638/tmf-api/serviceInventoryManagement/v5/service/?fields=serviceSpecification,id,href,@type&limit=250>; rel=\\\"self\\\"\"}]"}
{"level":"error","message":"could not write message KafkaJSNumberOfRetriesExceeded: Connection error: connect ECONNREFUSED ::1:9092"}
{"level":"error","message":"could not write message KafkaJSNumberOfRetriesExceeded: Connection error: connect ECONNREFUSED ::1:9092"}
{"level":"info","message":"Service::show: retrieveService Service"}
{"level":"info","message":"getSingleKey:: #1 res=c8790b73-948e-4724-b015-e93aad0a2adb"}
{"level":"info","message":"show:: resourceType=Service query={\"criteria\":{\"id\":\"c8790b73-948e-4724-b015-e93aad0a2adb\"},\"options\":{\"projection\":{\"serviceSpecification\":1,\"id\":1,\"href\":1,\"@type\":1},\"limit\":250}}"}
{"level":"info","message":"NotificationHandler:: publish ri-internal-event ServiceNotification"}
{"level":"info","message":"Service::index: listService Service"}
{"level":"info","message":"mongo::findMany query={\n  \"criteria\": {},\n  \"options\": {\n    \"projection\": {\n      \"serviceSpecification\": 1,\n      \"id\": 1,\n      \"href\": 1,\n      \"@type\": 1\n    },\n    \"limit\": 250\n  }\n}"}
{"level":"info","message":"NotificationHandler:: publish ri-internal-event ServiceNotification"}
{"level":"info","message":"responseHeaderParams=[{\"X-Total-Count\":13},{\"X-Result-Count\":13},{\"Link\":\"<http://localhost:8638/tmf-api/serviceInventoryManagement/v5/service/?fields=serviceSpecification,id,href,@type&limit=250>; rel=\\\"self\\\"\"}]"}
{"level":"info","message":"Service::create: createService Service"}
{"level":"info","message":"getResponseType: path not found (path=/tmf-api/serviceInventoryManagement/v5/service/)"}
{"level":"info","message":"... replace date with native Date type"}
{"level":"info","message":"... processMissingProperties: Service"}
{"level":"info","message":"populateMandatoryAttributes: type=Service"}
{"level":"info","message":"... processExcludedInPost: Service Service_Create"}
{"level":"info","message":"... processExcludedInPost: undefined not found"}
{"level":"info","message":"NotificationHandler:: publish ri-internal-event ServiceCreationNotification"}
{"level":"info","message":"Service::index: listService Service"}
{"level":"info","message":"mongo::findMany query={\n  \"criteria\": {},\n  \"options\": {\n    \"projection\": {},\n    \"limit\": 250\n  }\n}"}
{"level":"info","message":"NotificationHandler:: publish ri-internal-event ServiceNotification"}
{"level":"info","message":"responseHeaderParams=[{\"X-Total-Count\":14},{\"X-Result-Count\":14},{\"Link\":\"<http://localhost:8638/tmf-api/serviceInventoryManagement/v5/service/?limit=250>; rel=\\\"self\\\"\"}]"}
{"level":"info","message":"Service::index: listService Service"}
{"level":"info","message":"mongo::findMany query={\n  \"criteria\": {},\n  \"options\": {\n    \"projection\": {},\n    \"limit\": 250\n  }\n}"}
{"level":"info","message":"NotificationHandler:: publish ri-internal-event ServiceNotification"}
{"level":"info","message":"responseHeaderParams=[{\"X-Total-Count\":14},{\"X-Result-Count\":14},{\"Link\":\"<http://localhost:8638/tmf-api/serviceInventoryManagement/v5/service/?limit=250>; rel=\\\"self\\\"\"}]"}
{"level":"error","message":"could not write message KafkaJSNumberOfRetriesExceeded: Connection error: connect ECONNREFUSED ::1:9092"}
{"level":"info","message":"Service::show: retrieveService Service"}
{"level":"info","message":"getSingleKey:: #1 res=c8790b73-948e-4724-b015-e93aad0a2adb"}
{"level":"info","message":"show:: resourceType=Service query={\"criteria\":{\"id\":\"c8790b73-948e-4724-b015-e93aad0a2adb\"},\"options\":{\"projection\":{\"state\":1,\"id\":1,\"href\":1,\"@type\":1},\"limit\":250}}"}
{"level":"info","message":"NotificationHandler:: publish ri-internal-event ServiceNotification"}
{"level":"error","message":"could not write message KafkaJSNumberOfRetriesExceeded: Connection error: connect ECONNREFUSED ::1:9092"}
{"level":"info","message":"Service::index: listService Service"}
{"level":"info","message":"mongo::findMany query={\n  \"criteria\": {},\n  \"options\": {\n    \"projection\": {\n      \"state\": 1,\n      \"id\": 1,\n      \"href\": 1,\n      \"@type\": 1\n    },\n    \"limit\": 250\n  }\n}"}
{"level":"info","message":"NotificationHandler:: publish ri-internal-event ServiceNotification"}
{"level":"info","message":"responseHeaderParams=[{\"X-Total-Count\":14},{\"X-Result-Count\":14},{\"Link\":\"<http://localhost:8638/tmf-api/serviceInventoryManagement/v5/service/?fields=state,id,href,@type&limit=250>; rel=\\\"self\\\"\"}]"}
{"level":"info","message":"Service::show: retrieveService Service"}
{"level":"info","message":"getSingleKey:: #1 res=99810fe8-8605-4605-b76f-d355817ec959"}
{"level":"info","message":"show:: resourceType=Service query={\"criteria\":{\"id\":\"99810fe8-8605-4605-b76f-d355817ec959\"},\"options\":{\"projection\":{},\"limit\":250}}"}
{"level":"info","message":"NotificationHandler:: publish ri-internal-event ServiceNotification"}
{"level":"error","message":"could not write message KafkaJSNumberOfRetriesExceeded: Connection error: connect ECONNREFUSED ::1:9092"}
{"level":"info","message":"Service::show: retrieveService Service"}
{"level":"info","message":"getSingleKey:: #1 res=99810fe8-8605-4605-b76f-d355817ec959"}
{"level":"info","message":"show:: resourceType=Service query={\"criteria\":{\"id\":\"99810fe8-8605-4605-b76f-d355817ec959\"},\"options\":{\"projection\":{\"serviceSpecification\":1,\"id\":1,\"href\":1,\"@type\":1},\"limit\":250}}"}
{"level":"info","message":"NotificationHandler:: publish ri-internal-event ServiceNotification"}
{"level":"error","message":"could not write message KafkaJSNumberOfRetriesExceeded: Connection error: connect ECONNREFUSED ::1:9092"}
{"level":"info","message":"Service::index: listService Service"}
{"level":"info","message":"mongo::findMany query={\n  \"criteria\": {},\n  \"options\": {\n    \"projection\": {\n      \"serviceSpecification\": 1,\n      \"id\": 1,\n      \"href\": 1,\n      \"@type\": 1\n    },\n    \"limit\": 250\n  }\n}"}
{"level":"info","message":"NotificationHandler:: publish ri-internal-event ServiceNotification"}
{"level":"info","message":"responseHeaderParams=[{\"X-Total-Count\":14},{\"X-Result-Count\":14},{\"Link\":\"<http://localhost:8638/tmf-api/serviceInventoryManagement/v5/service/?fields=serviceSpecification,id,href,@type&limit=250>; rel=\\\"self\\\"\"}]"}
{"level":"info","message":"Service::show: retrieveService Service"}
{"level":"info","message":"getSingleKey:: #1 res=c8790b73-948e-4724-b015-e93aad0a2adb"}
{"level":"info","message":"show:: resourceType=Service query={\"criteria\":{\"id\":\"c8790b73-948e-4724-b015-e93aad0a2adb\"},\"options\":{\"projection\":{\"state\":1,\"id\":1,\"href\":1,\"@type\":1},\"limit\":250}}"}
{"level":"info","message":"NotificationHandler:: publish ri-internal-event ServiceNotification"}
{"level":"info","message":"Service::index: listService Service"}
{"level":"info","message":"mongo::findMany query={\n  \"criteria\": {},\n  \"options\": {\n    \"projection\": {\n      \"state\": 1,\n      \"id\": 1,\n      \"href\": 1,\n      \"@type\": 1\n    },\n    \"limit\": 250\n  }\n}"}
{"level":"info","message":"NotificationHandler:: publish ri-internal-event ServiceNotification"}
{"level":"info","message":"responseHeaderParams=[{\"X-Total-Count\":14},{\"X-Result-Count\":14},{\"Link\":\"<http://localhost:8638/tmf-api/serviceInventoryManagement/v5/service/?fields=state,id,href,@type&limit=250>; rel=\\\"self\\\"\"}]"}
{"level":"info","message":"Service::show: retrieveService Service"}
{"level":"info","message":"getSingleKey:: #1 res=99810fe8-8605-4605-b76f-d355817ec959"}
{"level":"info","message":"show:: resourceType=Service query={\"criteria\":{\"id\":\"99810fe8-8605-4605-b76f-d355817ec959\"},\"options\":{\"projection\":{\"serviceSpecification\":1,\"id\":1,\"href\":1,\"@type\":1},\"limit\":250}}"}
{"level":"info","message":"NotificationHandler:: publish ri-internal-event ServiceNotification"}
{"level":"info","message":"Service::index: listService Service"}
{"level":"info","message":"mongo::findMany query={\n  \"criteria\": {},\n  \"options\": {\n    \"projection\": {\n      \"serviceSpecification\": 1,\n      \"id\": 1,\n      \"href\": 1,\n      \"@type\": 1\n    },\n    \"limit\": 250\n  }\n}"}
{"level":"info","message":"NotificationHandler:: publish ri-internal-event ServiceNotification"}
{"level":"info","message":"responseHeaderParams=[{\"X-Total-Count\":14},{\"X-Result-Count\":14},{\"Link\":\"<http://localhost:8638/tmf-api/serviceInventoryManagement/v5/service/?fields=serviceSpecification,id,href,@type&limit=250>; rel=\\\"self\\\"\"}]"}
{"level":"error","message":"could not write message KafkaJSNumberOfRetriesExceeded: Connection error: connect ECONNREFUSED ::1:9092"}
{"level":"error","message":"could not write message KafkaJSNumberOfRetriesExceeded: Connection error: connect ECONNREFUSED ::1:9092"}
{"level":"info","message":"Service::index: listService Service"}
{"level":"info","message":"mongo::findMany query={\n  \"criteria\": {},\n  \"options\": {\n    \"projection\": {},\n    \"limit\": 250\n  }\n}"}
{"level":"info","message":"NotificationHandler:: publish ri-internal-event ServiceNotification"}
{"level":"info","message":"responseHeaderParams=[{\"X-Total-Count\":14},{\"X-Result-Count\":14},{\"Link\":\"<http://localhost:8638/tmf-api/serviceInventoryManagement/v5/service/?limit=250>; rel=\\\"self\\\"\"}]"}
{"level":"error","message":"could not write message KafkaJSNumberOfRetriesExceeded: Connection error: connect ECONNREFUSED ::1:9092"}
{"level":"info","message":"Service::index: listService Service"}
{"level":"info","message":"mongo::findMany query={\n  \"criteria\": {},\n  \"options\": {\n    \"projection\": {},\n    \"limit\": 250\n  }\n}"}
{"level":"info","message":"NotificationHandler:: publish ri-internal-event ServiceNotification"}
{"level":"info","message":"responseHeaderParams=[{\"X-Total-Count\":14},{\"X-Result-Count\":14},{\"Link\":\"<http://localhost:8638/tmf-api/serviceInventoryManagement/v5/service/?limit=250>; rel=\\\"self\\\"\"}]"}
{"level":"error","message":"could not write message KafkaJSNumberOfRetriesExceeded: Connection error: connect ECONNREFUSED ::1:9092"}
{"level":"error","message":"could not write message KafkaJSNumberOfRetriesExceeded: Connection error: connect ECONNREFUSED ::1:9092"}
{"level":"error","message":"could not write message KafkaJSNumberOfRetriesExceeded: Connection error: connect ECONNREFUSED ::1:9092"}
{"level":"info","message":"Service::show: retrieveService Service"}
{"level":"info","message":"getSingleKey:: #1 res=99810fe8-8605-4605-b76f-d355817ec959"}
{"level":"info","message":"show:: resourceType=Service query={\"criteria\":{\"id\":\"99810fe8-8605-4605-b76f-d355817ec959\"},\"options\":{\"projection\":{\"state\":1,\"id\":1,\"href\":1,\"@type\":1},\"limit\":250}}"}
{"level":"info","message":"NotificationHandler:: publish ri-internal-event ServiceNotification"}
{"level":"info","message":"Service::index: listService Service"}
{"level":"info","message":"mongo::findMany query={\n  \"criteria\": {},\n  \"options\": {\n    \"projection\": {\n      \"state\": 1,\n      \"id\": 1,\n      \"href\": 1,\n      \"@type\": 1\n    },\n    \"limit\": 250\n  }\n}"}
{"level":"info","message":"NotificationHandler:: publish ri-internal-event ServiceNotification"}
{"level":"info","message":"responseHeaderParams=[{\"X-Total-Count\":14},{\"X-Result-Count\":14},{\"Link\":\"<http://localhost:8638/tmf-api/serviceInventoryManagement/v5/service/?fields=state,id,href,@type&limit=250>; rel=\\\"self\\\"\"}]"}
{"level":"error","message":"could not write message KafkaJSNumberOfRetriesExceeded: Connection error: connect ECONNREFUSED ::1:9092"}
{"level":"error","message":"could not write message KafkaJSNumberOfRetriesExceeded: Connection error: connect ECONNREFUSED ::1:9092"}
{"level":"error","message":"could not write message KafkaJSNumberOfRetriesExceeded: Connection error: connect ECONNREFUSED ::1:9092"}
{"level":"info","message":"Service::show: retrieveService Service"}
{"level":"info","message":"getSingleKey:: #1 res=99810fe8-8605-4605-b76f-d355817ec959"}
{"level":"info","message":"show:: resourceType=Service query={\"criteria\":{\"id\":\"99810fe8-8605-4605-b76f-d355817ec959\"},\"options\":{\"projection\":{\"state\":1,\"id\":1,\"href\":1,\"@type\":1},\"limit\":250}}"}
{"level":"info","message":"NotificationHandler:: publish ri-internal-event ServiceNotification"}
{"level":"info","message":"Service::index: listService Service"}
{"level":"info","message":"mongo::findMany query={\n  \"criteria\": {},\n  \"options\": {\n    \"projection\": {\n      \"state\": 1,\n      \"id\": 1,\n      \"href\": 1,\n      \"@type\": 1\n    },\n    \"limit\": 250\n  }\n}"}
{"level":"info","message":"NotificationHandler:: publish ri-internal-event ServiceNotification"}
{"level":"info","message":"responseHeaderParams=[{\"X-Total-Count\":14},{\"X-Result-Count\":14},{\"Link\":\"<http://localhost:8638/tmf-api/serviceInventoryManagement/v5/service/?fields=state,id,href,@type&limit=250>; rel=\\\"self\\\"\"}]"}
{"level":"error","message":"could not write message KafkaJSNumberOfRetriesExceeded: Connection error: connect ECONNREFUSED ::1:9092"}
{"level":"error","message":"could not write message KafkaJSNumberOfRetriesExceeded: Connection error: connect ECONNREFUSED ::1:9092"}
{"level":"error","message":"could not write message KafkaJSNumberOfRetriesExceeded: Connection error: connect ECONNREFUSED ::1:9092"}
{"level":"error","message":"could not write message KafkaJSNumberOfRetriesExceeded: Connection error: connect ECONNREFUSED ::1:9092"}
{"level":"error","message":"could not write message KafkaJSNumberOfRetriesExceeded: Connection error: connect ECONNREFUSED ::1:9092"}
{"level":"info","message":"Service::index: listService Service"}
{"level":"info","message":"mongo::findMany query={\n  \"criteria\": {},\n  \"options\": {\n    \"projection\": {},\n    \"limit\": 250\n  }\n}"}
{"level":"info","message":"NotificationHandler:: publish ri-internal-event ServiceNotification"}
{"level":"info","message":"responseHeaderParams=[{\"X-Total-Count\":14},{\"X-Result-Count\":14},{\"Link\":\"<http://localhost:8638/tmf-api/serviceInventoryManagement/v5/service/?limit=250>; rel=\\\"self\\\"\"}]"}
{"level":"error","message":"could not write message KafkaJSNumberOfRetriesExceeded: Connection error: connect ECONNREFUSED ::1:9092"}
{"level":"error","message":"could not write message KafkaJSNumberOfRetriesExceeded: Connection error: connect ECONNREFUSED ::1:9092"}
{"level":"error","message":"could not write message KafkaJSNumberOfRetriesExceeded: Connection error: connect ECONNREFUSED ::1:9092"}
{"level":"error","message":"could not write message KafkaJSNumberOfRetriesExceeded: Connection error: connect ECONNREFUSED ::1:9092"}
{"level":"error","message":"could not write message KafkaJSNumberOfRetriesExceeded: Connection error: connect ECONNREFUSED ::1:9092"}
{"level":"error","message":"could not write message KafkaJSNumberOfRetriesExceeded: Connection error: connect ECONNREFUSED ::1:9092"}
{"level":"info","message":"Service::create: createService Service"}
{"level":"info","message":"getResponseType: path not found (path=/tmf-api/serviceInventoryManagement/v5/Service)"}
{"level":"info","message":"... replace date with native Date type"}
{"level":"info","message":"... processMissingProperties: Service"}
{"level":"info","message":"populateMandatoryAttributes: type=Service"}
{"level":"info","message":"... processExcludedInPost: Service Service_Create"}
{"level":"info","message":"... processExcludedInPost: undefined not found"}
{"level":"info","message":"NotificationHandler:: publish ri-internal-event ServiceCreationNotification"}
{"level":"error","message":"could not write message KafkaJSNumberOfRetriesExceeded: Connection error: connect ECONNREFUSED ::1:9092"}
{"level":"info","message":"Service::update: patchService Service"}
{"level":"info","message":"getSingleKey:: #1 res=c87c075e-3ba6-48ed-a4a8-eb829cce50b4"}
{"level":"info","message":"NotificationHandler:: publish ri-internal-event ServiceAttributeValueChangeNotification"}
{"level":"error","message":"could not write message KafkaJSNumberOfRetriesExceeded: Connection error: connect ECONNREFUSED ::1:9092"}
{"level":"info","message":"Service::create: createService Service"}
{"level":"info","message":"getResponseType: path not found (path=/tmf-api/serviceInventoryManagement/v5/service/)"}
{"level":"info","message":"... replace date with native Date type"}
{"level":"info","message":"... processMissingProperties: Service"}
{"level":"info","message":"populateMandatoryAttributes: type=Service"}
{"level":"info","message":"... processExcludedInPost: Service Service_Create"}
{"level":"info","message":"... processExcludedInPost: undefined not found"}
{"level":"info","message":"NotificationHandler:: publish ri-internal-event ServiceCreationNotification"}
{"level":"info","message":"Service::index: listService Service"}
{"level":"info","message":"mongo::findMany query={\n  \"criteria\": {},\n  \"options\": {\n    \"projection\": {},\n    \"limit\": 250\n  }\n}"}
{"level":"info","message":"NotificationHandler:: publish ri-internal-event ServiceNotification"}
{"level":"info","message":"responseHeaderParams=[{\"X-Total-Count\":16},{\"X-Result-Count\":16},{\"Link\":\"<http://localhost:8638/tmf-api/serviceInventoryManagement/v5/service/?limit=250>; rel=\\\"self\\\"\"}]"}
{"level":"info","message":"Service::show: retrieveService Service"}
{"level":"info","message":"getSingleKey:: #1 res=68f88918-f478-433c-9c2b-e72d0422b227"}
{"level":"info","message":"show:: resourceType=Service query={\"criteria\":{\"id\":\"68f88918-f478-433c-9c2b-e72d0422b227\"},\"options\":{\"projection\":{},\"limit\":250}}"}
{"level":"info","message":"NotificationHandler:: publish ri-internal-event ServiceNotification"}
{"level":"info","message":"Service::show: retrieveService Service"}
{"level":"info","message":"getSingleKey:: #1 res=68f88918-f478-433c-9c2b-e72d0422b227"}
{"level":"info","message":"show:: resourceType=Service query={\"criteria\":{\"id\":\"68f88918-f478-433c-9c2b-e72d0422b227\"},\"options\":{\"projection\":{\"serviceSpecification\":1,\"id\":1,\"href\":1,\"@type\":1},\"limit\":250}}"}
{"level":"info","message":"NotificationHandler:: publish ri-internal-event ServiceNotification"}
{"level":"info","message":"Service::index: listService Service"}
{"level":"info","message":"mongo::findMany query={\n  \"criteria\": {},\n  \"options\": {\n    \"projection\": {\n      \"serviceSpecification\": 1,\n      \"id\": 1,\n      \"href\": 1,\n      \"@type\": 1\n    },\n    \"limit\": 250\n  }\n}"}
{"level":"info","message":"NotificationHandler:: publish ri-internal-event ServiceNotification"}
{"level":"info","message":"responseHeaderParams=[{\"X-Total-Count\":16},{\"X-Result-Count\":16},{\"Link\":\"<http://localhost:8638/tmf-api/serviceInventoryManagement/v5/service/?fields=serviceSpecification,id,href,@type&limit=250>; rel=\\\"self\\\"\"}]"}
{"level":"error","message":"could not write message KafkaJSNumberOfRetriesExceeded: Connection error: connect ECONNREFUSED ::1:9092"}
{"level":"info","message":"Service::create: createService Service"}
{"level":"info","message":"getResponseType: path not found (path=/tmf-api/serviceInventoryManagement/v5/service/)"}
{"level":"info","message":"... replace date with native Date type"}
{"level":"info","message":"... processMissingProperties: Service"}
{"level":"info","message":"populateMandatoryAttributes: type=Service"}
{"level":"info","message":"... processExcludedInPost: Service Service_Create"}
{"level":"info","message":"... processExcludedInPost: undefined not found"}
{"level":"info","message":"NotificationHandler:: publish ri-internal-event ServiceCreationNotification"}
{"level":"error","message":"could not write message KafkaJSNumberOfRetriesExceeded: Connection error: connect ECONNREFUSED ::1:9092"}
{"level":"info","message":"Service::index: listService Service"}
{"level":"info","message":"mongo::findMany query={\n  \"criteria\": {},\n  \"options\": {\n    \"projection\": {},\n    \"limit\": 250\n  }\n}"}
{"level":"info","message":"NotificationHandler:: publish ri-internal-event ServiceNotification"}
{"level":"info","message":"responseHeaderParams=[{\"X-Total-Count\":17},{\"X-Result-Count\":17},{\"Link\":\"<http://localhost:8638/tmf-api/serviceInventoryManagement/v5/service/?limit=250>; rel=\\\"self\\\"\"}]"}
{"level":"info","message":"Service::show: retrieveService Service"}
{"level":"info","message":"getSingleKey:: #1 res=68f88918-f478-433c-9c2b-e72d0422b227"}
{"level":"info","message":"show:: resourceType=Service query={\"criteria\":{\"id\":\"68f88918-f478-433c-9c2b-e72d0422b227\"},\"options\":{\"projection\":{\"serviceSpecification\":1,\"id\":1,\"href\":1,\"@type\":1},\"limit\":250}}"}
{"level":"info","message":"NotificationHandler:: publish ri-internal-event ServiceNotification"}
{"level":"info","message":"Service::index: listService Service"}
{"level":"info","message":"mongo::findMany query={\n  \"criteria\": {},\n  \"options\": {\n    \"projection\": {\n      \"serviceSpecification\": 1,\n      \"id\": 1,\n      \"href\": 1,\n      \"@type\": 1\n    },\n    \"limit\": 250\n  }\n}"}
{"level":"info","message":"NotificationHandler:: publish ri-internal-event ServiceNotification"}
{"level":"info","message":"responseHeaderParams=[{\"X-Total-Count\":17},{\"X-Result-Count\":17},{\"Link\":\"<http://localhost:8638/tmf-api/serviceInventoryManagement/v5/service/?fields=serviceSpecification,id,href,@type&limit=250>; rel=\\\"self\\\"\"}]"}
{"level":"info","message":"Service::show: retrieveService Service"}
{"level":"info","message":"getSingleKey:: #1 res=2a825213-49d3-462d-adff-ad900509444f"}
{"level":"info","message":"show:: resourceType=Service query={\"criteria\":{\"id\":\"2a825213-49d3-462d-adff-ad900509444f\"},\"options\":{\"projection\":{},\"limit\":250}}"}
{"level":"info","message":"NotificationHandler:: publish ri-internal-event ServiceNotification"}
{"level":"info","message":"Service::index: listService Service"}
{"level":"info","message":"mongo::findMany query={\n  \"criteria\": {},\n  \"options\": {\n    \"projection\": {},\n    \"limit\": 250\n  }\n}"}
{"level":"info","message":"NotificationHandler:: publish ri-internal-event ServiceNotification"}
{"level":"info","message":"responseHeaderParams=[{\"X-Total-Count\":17},{\"X-Result-Count\":17},{\"Link\":\"<http://localhost:8638/tmf-api/serviceInventoryManagement/v5/service/?limit=250>; rel=\\\"self\\\"\"}]"}
{"level":"info","message":"Service::show: retrieveService Service"}
{"level":"info","message":"getSingleKey:: #1 res=2a825213-49d3-462d-adff-ad900509444f"}
{"level":"info","message":"show:: resourceType=Service query={\"criteria\":{\"id\":\"2a825213-49d3-462d-adff-ad900509444f\"},\"options\":{\"projection\":{\"serviceSpecification\":1,\"id\":1,\"href\":1,\"@type\":1},\"limit\":250}}"}
{"level":"info","message":"NotificationHandler:: publish ri-internal-event ServiceNotification"}
{"level":"info","message":"Service::index: listService Service"}
{"level":"info","message":"mongo::findMany query={\n  \"criteria\": {},\n  \"options\": {\n    \"projection\": {\n      \"serviceSpecification\": 1,\n      \"id\": 1,\n      \"href\": 1,\n      \"@type\": 1\n    },\n    \"limit\": 250\n  }\n}"}
{"level":"info","message":"NotificationHandler:: publish ri-internal-event ServiceNotification"}
{"level":"info","message":"responseHeaderParams=[{\"X-Total-Count\":17},{\"X-Result-Count\":17},{\"Link\":\"<http://localhost:8638/tmf-api/serviceInventoryManagement/v5/service/?fields=serviceSpecification,id,href,@type&limit=250>; rel=\\\"self\\\"\"}]"}
{"level":"error","message":"could not write message KafkaJSNumberOfRetriesExceeded: Connection error: connect ECONNREFUSED ::1:9092"}
{"level":"error","message":"could not write message KafkaJSNumberOfRetriesExceeded: Connection error: connect ECONNREFUSED ::1:9092"}
{"level":"info","message":"Service::show: retrieveService Service"}
{"level":"info","message":"getSingleKey:: #1 res=68f88918-f478-433c-9c2b-e72d0422b227"}
{"level":"info","message":"show:: resourceType=Service query={\"criteria\":{\"id\":\"68f88918-f478-433c-9c2b-e72d0422b227\"},\"options\":{\"projection\":{\"state\":1,\"id\":1,\"href\":1,\"@type\":1},\"limit\":250}}"}
{"level":"info","message":"NotificationHandler:: publish ri-internal-event ServiceNotification"}
{"level":"error","message":"could not write message KafkaJSNumberOfRetriesExceeded: Connection error: connect ECONNREFUSED ::1:9092"}
{"level":"info","message":"Service::index: listService Service"}
{"level":"info","message":"mongo::findMany query={\n  \"criteria\": {},\n  \"options\": {\n    \"projection\": {\n      \"state\": 1,\n      \"id\": 1,\n      \"href\": 1,\n      \"@type\": 1\n    },\n    \"limit\": 250\n  }\n}"}
{"level":"info","message":"NotificationHandler:: publish ri-internal-event ServiceNotification"}
{"level":"info","message":"responseHeaderParams=[{\"X-Total-Count\":17},{\"X-Result-Count\":17},{\"Link\":\"<http://localhost:8638/tmf-api/serviceInventoryManagement/v5/service/?fields=state,id,href,@type&limit=250>; rel=\\\"self\\\"\"}]"}
{"level":"info","message":"Service::show: retrieveService Service"}
{"level":"info","message":"getSingleKey:: #1 res=2a825213-49d3-462d-adff-ad900509444f"}
{"level":"info","message":"show:: resourceType=Service query={\"criteria\":{\"id\":\"2a825213-49d3-462d-adff-ad900509444f\"},\"options\":{\"projection\":{\"serviceSpecification\":1,\"id\":1,\"href\":1,\"@type\":1},\"limit\":250}}"}
{"level":"info","message":"NotificationHandler:: publish ri-internal-event ServiceNotification"}
{"level":"info","message":"Service::index: listService Service"}
{"level":"info","message":"mongo::findMany query={\n  \"criteria\": {},\n  \"options\": {\n    \"projection\": {\n      \"serviceSpecification\": 1,\n      \"id\": 1,\n      \"href\": 1,\n      \"@type\": 1\n    },\n    \"limit\": 250\n  }\n}"}
{"level":"info","message":"NotificationHandler:: publish ri-internal-event ServiceNotification"}
{"level":"info","message":"responseHeaderParams=[{\"X-Total-Count\":17},{\"X-Result-Count\":17},{\"Link\":\"<http://localhost:8638/tmf-api/serviceInventoryManagement/v5/service/?fields=serviceSpecification,id,href,@type&limit=250>; rel=\\\"self\\\"\"}]"}
{"level":"error","message":"could not write message KafkaJSNumberOfRetriesExceeded: Connection error: connect ECONNREFUSED ::1:9092"}
{"level":"error","message":"could not write message KafkaJSNumberOfRetriesExceeded: Connection error: connect ECONNREFUSED ::1:9092"}
{"level":"error","message":"could not write message KafkaJSNumberOfRetriesExceeded: Connection error: connect ECONNREFUSED ::1:9092"}
{"level":"error","message":"could not write message KafkaJSNumberOfRetriesExceeded: Connection error: connect ECONNREFUSED ::1:9092"}
{"level":"info","message":"Service::show: retrieveService Service"}
{"level":"info","message":"getSingleKey:: #1 res=68f88918-f478-433c-9c2b-e72d0422b227"}
{"level":"info","message":"show:: resourceType=Service query={\"criteria\":{\"id\":\"68f88918-f478-433c-9c2b-e72d0422b227\"},\"options\":{\"projection\":{\"state\":1,\"id\":1,\"href\":1,\"@type\":1},\"limit\":250}}"}
{"level":"info","message":"NotificationHandler:: publish ri-internal-event ServiceNotification"}
{"level":"error","message":"could not write message KafkaJSNumberOfRetriesExceeded: Connection error: connect ECONNREFUSED ::1:9092"}
{"level":"info","message":"Service::index: listService Service"}
{"level":"info","message":"mongo::findMany query={\n  \"criteria\": {},\n  \"options\": {\n    \"projection\": {\n      \"state\": 1,\n      \"id\": 1,\n      \"href\": 1,\n      \"@type\": 1\n    },\n    \"limit\": 250\n  }\n}"}
{"level":"info","message":"NotificationHandler:: publish ri-internal-event ServiceNotification"}
{"level":"info","message":"responseHeaderParams=[{\"X-Total-Count\":17},{\"X-Result-Count\":17},{\"Link\":\"<http://localhost:8638/tmf-api/serviceInventoryManagement/v5/service/?fields=state,id,href,@type&limit=250>; rel=\\\"self\\\"\"}]"}
{"level":"info","message":"Service::index: listService Service"}
{"level":"info","message":"mongo::findMany query={\n  \"criteria\": {},\n  \"options\": {\n    \"projection\": {},\n    \"limit\": 250\n  }\n}"}
{"level":"info","message":"NotificationHandler:: publish ri-internal-event ServiceNotification"}
{"level":"info","message":"responseHeaderParams=[{\"X-Total-Count\":17},{\"X-Result-Count\":17},{\"Link\":\"<http://localhost:8638/tmf-api/serviceInventoryManagement/v5/service/?limit=250>; rel=\\\"self\\\"\"}]"}
{"level":"error","message":"could not write message KafkaJSNumberOfRetriesExceeded: Connection error: connect ECONNREFUSED ::1:9092"}
{"level":"error","message":"could not write message KafkaJSNumberOfRetriesExceeded: Connection error: connect ECONNREFUSED ::1:9092"}
{"level":"error","message":"could not write message KafkaJSNumberOfRetriesExceeded: Connection error: connect ECONNREFUSED ::1:9092"}
{"level":"info","message":"Service::index: listService Service"}
{"level":"info","message":"mongo::findMany query={\n  \"criteria\": {},\n  \"options\": {\n    \"projection\": {},\n    \"limit\": 250\n  }\n}"}
{"level":"info","message":"NotificationHandler:: publish ri-internal-event ServiceNotification"}
{"level":"info","message":"responseHeaderParams=[{\"X-Total-Count\":17},{\"X-Result-Count\":17},{\"Link\":\"<http://localhost:8638/tmf-api/serviceInventoryManagement/v5/service/?limit=250>; rel=\\\"self\\\"\"}]"}
{"level":"info","message":"Service::show: retrieveService Service"}
{"level":"info","message":"getSingleKey:: #1 res=2a825213-49d3-462d-adff-ad900509444f"}
{"level":"info","message":"show:: resourceType=Service query={\"criteria\":{\"id\":\"2a825213-49d3-462d-adff-ad900509444f\"},\"options\":{\"projection\":{\"state\":1,\"id\":1,\"href\":1,\"@type\":1},\"limit\":250}}"}
{"level":"info","message":"NotificationHandler:: publish ri-internal-event ServiceNotification"}
{"level":"info","message":"Service::index: listService Service"}
{"level":"info","message":"mongo::findMany query={\n  \"criteria\": {},\n  \"options\": {\n    \"projection\": {\n      \"state\": 1,\n      \"id\": 1,\n      \"href\": 1,\n      \"@type\": 1\n    },\n    \"limit\": 250\n  }\n}"}
{"level":"info","message":"NotificationHandler:: publish ri-internal-event ServiceNotification"}
{"level":"info","message":"responseHeaderParams=[{\"X-Total-Count\":17},{\"X-Result-Count\":17},{\"Link\":\"<http://localhost:8638/tmf-api/serviceInventoryManagement/v5/service/?fields=state,id,href,@type&limit=250>; rel=\\\"self\\\"\"}]"}
{"level":"error","message":"could not write message KafkaJSNumberOfRetriesExceeded: Connection error: connect ECONNREFUSED ::1:9092"}
{"level":"error","message":"could not write message KafkaJSNumberOfRetriesExceeded: Connection error: connect ECONNREFUSED ::1:9092"}
{"level":"info","message":"Service::show: retrieveService Service"}
{"level":"info","message":"getSingleKey:: #1 res=2a825213-49d3-462d-adff-ad900509444f"}
{"level":"info","message":"show:: resourceType=Service query={\"criteria\":{\"id\":\"2a825213-49d3-462d-adff-ad900509444f\"},\"options\":{\"projection\":{\"state\":1,\"id\":1,\"href\":1,\"@type\":1},\"limit\":250}}"}
{"level":"error","message":"could not write message KafkaJSNumberOfRetriesExceeded: Connection error: connect ECONNREFUSED ::1:9092"}
{"level":"info","message":"NotificationHandler:: publish ri-internal-event ServiceNotification"}
{"level":"info","message":"Service::index: listService Service"}
{"level":"info","message":"mongo::findMany query={\n  \"criteria\": {},\n  \"options\": {\n    \"projection\": {\n      \"state\": 1,\n      \"id\": 1,\n      \"href\": 1,\n      \"@type\": 1\n    },\n    \"limit\": 250\n  }\n}"}
{"level":"info","message":"NotificationHandler:: publish ri-internal-event ServiceNotification"}
{"level":"info","message":"responseHeaderParams=[{\"X-Total-Count\":17},{\"X-Result-Count\":17},{\"Link\":\"<http://localhost:8638/tmf-api/serviceInventoryManagement/v5/service/?fields=state,id,href,@type&limit=250>; rel=\\\"self\\\"\"}]"}
{"level":"error","message":"could not write message KafkaJSNumberOfRetriesExceeded: Connection error: connect ECONNREFUSED ::1:9092"}
{"level":"error","message":"could not write message KafkaJSNumberOfRetriesExceeded: Connection error: connect ECONNREFUSED ::1:9092"}
{"level":"error","message":"could not write message KafkaJSNumberOfRetriesExceeded: Connection error: connect ECONNREFUSED ::1:9092"}
{"level":"info","message":"Service::index: listService Service"}
{"level":"info","message":"mongo::findMany query={\n  \"criteria\": {},\n  \"options\": {\n    \"projection\": {},\n    \"limit\": 250\n  }\n}"}
{"level":"info","message":"NotificationHandler:: publish ri-internal-event ServiceNotification"}
{"level":"info","message":"responseHeaderParams=[{\"X-Total-Count\":17},{\"X-Result-Count\":17},{\"Link\":\"<http://localhost:8638/tmf-api/serviceInventoryManagement/v5/service/?limit=250>; rel=\\\"self\\\"\"}]"}
{"level":"error","message":"could not write message KafkaJSNumberOfRetriesExceeded: Connection error: connect ECONNREFUSED ::1:9092"}
{"level":"error","message":"could not write message KafkaJSNumberOfRetriesExceeded: Connection error: connect ECONNREFUSED ::1:9092"}
{"level":"error","message":"could not write message KafkaJSNumberOfRetriesExceeded: Connection error: connect ECONNREFUSED ::1:9092"}
{"level":"error","message":"could not write message KafkaJSNumberOfRetriesExceeded: Connection error: connect ECONNREFUSED ::1:9092"}
{"level":"error","message":"could not write message KafkaJSNumberOfRetriesExceeded: Connection error: connect ECONNREFUSED ::1:9092"}
{"level":"error","message":"could not write message KafkaJSNumberOfRetriesExceeded: Connection error: connect ECONNREFUSED ::1:9092"}
{"level":"error","message":"could not write message KafkaJSNumberOfRetriesExceeded: Connection error: connect ECONNREFUSED ::1:9092"}
{"level":"info","message":"Service::update: patchService Service"}
{"level":"info","message":"getSingleKey:: #1 res=c87c075e-3ba6-48ed-a4a8-eb829cce50b4"}
{"level":"info","message":"NotificationHandler:: publish ri-internal-event ServiceAttributeValueChangeNotification"}
{"level":"info","message":"Service::update: patchService Service"}
{"level":"info","message":"getSingleKey:: #1 res=c87c075e-3ba6-48ed-a4a8-eb829cce50b4"}
{"level":"info","message":"NotificationHandler:: publish ri-internal-event ServiceAttributeValueChangeNotification"}
{"level":"error","message":"could not write message KafkaJSNumberOfRetriesExceeded: Connection error: connect ECONNREFUSED ::1:9092"}
{"level":"error","message":"could not write message KafkaJSNumberOfRetriesExceeded: Connection error: connect ECONNREFUSED ::1:9092"}
{"level":"info","message":"Service::create: createService Service"}
{"level":"info","message":"getResponseType: path not found (path=/tmf-api/serviceInventoryManagement/v5/service/)"}
{"level":"info","message":"... replace date with native Date type"}
{"level":"info","message":"... processMissingProperties: Service"}
{"level":"info","message":"populateMandatoryAttributes: type=Service"}
{"level":"info","message":"... processExcludedInPost: Service Service_Create"}
{"level":"info","message":"... processExcludedInPost: undefined not found"}
{"level":"info","message":"NotificationHandler:: publish ri-internal-event ServiceCreationNotification"}
{"level":"info","message":"Service::index: listService Service"}
{"level":"info","message":"mongo::findMany query={\n  \"criteria\": {},\n  \"options\": {\n    \"projection\": {},\n    \"limit\": 250\n  }\n}"}
{"level":"info","message":"NotificationHandler:: publish ri-internal-event ServiceNotification"}
{"level":"info","message":"responseHeaderParams=[{\"X-Total-Count\":18},{\"X-Result-Count\":18},{\"Link\":\"<http://localhost:8638/tmf-api/serviceInventoryManagement/v5/service/?limit=250>; rel=\\\"self\\\"\"}]"}
{"level":"info","message":"Service::show: retrieveService Service"}
{"level":"info","message":"getSingleKey:: #1 res=4cdde5f6-2091-41c0-a5a4-c50aec5dca92"}
{"level":"info","message":"show:: resourceType=Service query={\"criteria\":{\"id\":\"4cdde5f6-2091-41c0-a5a4-c50aec5dca92\"},\"options\":{\"projection\":{},\"limit\":250}}"}
{"level":"info","message":"NotificationHandler:: publish ri-internal-event ServiceNotification"}
{"level":"error","message":"could not write message KafkaJSNumberOfRetriesExceeded: Connection error: connect ECONNREFUSED ::1:9092"}
{"level":"error","message":"could not write message KafkaJSNumberOfRetriesExceeded: Connection error: connect ECONNREFUSED ::1:9092"}
{"level":"error","message":"could not write message KafkaJSNumberOfRetriesExceeded: Connection error: connect ECONNREFUSED ::1:9092"}
{"level":"info","message":"Service::create: createService Service"}
{"level":"info","message":"getResponseType: path not found (path=/tmf-api/serviceInventoryManagement/v5/service/)"}
{"level":"info","message":"... replace date with native Date type"}
{"level":"info","message":"... processMissingProperties: Service"}
{"level":"info","message":"populateMandatoryAttributes: type=Service"}
{"level":"info","message":"... processExcludedInPost: Service Service_Create"}
{"level":"info","message":"... processExcludedInPost: undefined not found"}
{"level":"info","message":"NotificationHandler:: publish ri-internal-event ServiceCreationNotification"}
{"level":"info","message":"Service::index: listService Service"}
{"level":"info","message":"mongo::findMany query={\n  \"criteria\": {},\n  \"options\": {\n    \"projection\": {},\n    \"limit\": 250\n  }\n}"}
{"level":"info","message":"NotificationHandler:: publish ri-internal-event ServiceNotification"}
{"level":"info","message":"responseHeaderParams=[{\"X-Total-Count\":19},{\"X-Result-Count\":19},{\"Link\":\"<http://localhost:8638/tmf-api/serviceInventoryManagement/v5/service/?limit=250>; rel=\\\"self\\\"\"}]"}
{"level":"info","message":"Service::show: retrieveService Service"}
{"level":"info","message":"getSingleKey:: #1 res=da116945-5ebf-418d-b9fc-505b11f47890"}
{"level":"info","message":"show:: resourceType=Service query={\"criteria\":{\"id\":\"da116945-5ebf-418d-b9fc-505b11f47890\"},\"options\":{\"projection\":{},\"limit\":250}}"}
{"level":"info","message":"NotificationHandler:: publish ri-internal-event ServiceNotification"}
{"level":"info","message":"Service::show: retrieveService Service"}
{"level":"info","message":"getSingleKey:: #1 res=da116945-5ebf-418d-b9fc-505b11f47890"}
{"level":"info","message":"show:: resourceType=Service query={\"criteria\":{\"id\":\"da116945-5ebf-418d-b9fc-505b11f47890\"},\"options\":{\"projection\":{\"serviceSpecification\":1,\"id\":1,\"href\":1,\"@type\":1},\"limit\":250}}"}
{"level":"info","message":"NotificationHandler:: publish ri-internal-event ServiceNotification"}
{"level":"error","message":"could not write message KafkaJSNumberOfRetriesExceeded: Connection error: connect ECONNREFUSED ::1:9092"}
{"level":"info","message":"Service::index: listService Service"}
{"level":"info","message":"mongo::findMany query={\n  \"criteria\": {},\n  \"options\": {\n    \"projection\": {\n      \"serviceSpecification\": 1,\n      \"id\": 1,\n      \"href\": 1,\n      \"@type\": 1\n    },\n    \"limit\": 250\n  }\n}"}
{"level":"info","message":"NotificationHandler:: publish ri-internal-event ServiceNotification"}
{"level":"info","message":"responseHeaderParams=[{\"X-Total-Count\":19},{\"X-Result-Count\":19},{\"Link\":\"<http://localhost:8638/tmf-api/serviceInventoryManagement/v5/service/?fields=serviceSpecification,id,href,@type&limit=250>; rel=\\\"self\\\"\"}]"}
{"level":"error","message":"could not write message KafkaJSNumberOfRetriesExceeded: Connection error: connect ECONNREFUSED ::1:9092"}
{"level":"info","message":"Service::show: retrieveService Service"}
{"level":"info","message":"getSingleKey:: #1 res=da116945-5ebf-418d-b9fc-505b11f47890"}
{"level":"info","message":"show:: resourceType=Service query={\"criteria\":{\"id\":\"da116945-5ebf-418d-b9fc-505b11f47890\"},\"options\":{\"projection\":{\"serviceSpecification\":1,\"id\":1,\"href\":1,\"@type\":1},\"limit\":250}}"}
{"level":"info","message":"NotificationHandler:: publish ri-internal-event ServiceNotification"}
{"level":"info","message":"Service::index: listService Service"}
{"level":"info","message":"mongo::findMany query={\n  \"criteria\": {},\n  \"options\": {\n    \"projection\": {\n      \"serviceSpecification\": 1,\n      \"id\": 1,\n      \"href\": 1,\n      \"@type\": 1\n    },\n    \"limit\": 250\n  }\n}"}
{"level":"info","message":"NotificationHandler:: publish ri-internal-event ServiceNotification"}
{"level":"info","message":"responseHeaderParams=[{\"X-Total-Count\":19},{\"X-Result-Count\":19},{\"Link\":\"<http://localhost:8638/tmf-api/serviceInventoryManagement/v5/service/?fields=serviceSpecification,id,href,@type&limit=250>; rel=\\\"self\\\"\"}]"}
{"level":"info","message":"Service::index: listService Service"}
{"level":"info","message":"mongo::findMany query={\n  \"criteria\": {},\n  \"options\": {\n    \"projection\": {},\n    \"limit\": 250\n  }\n}"}
{"level":"info","message":"NotificationHandler:: publish ri-internal-event ServiceNotification"}
{"level":"info","message":"responseHeaderParams=[{\"X-Total-Count\":19},{\"X-Result-Count\":19},{\"Link\":\"<http://localhost:8638/tmf-api/serviceInventoryManagement/v5/service/?limit=250>; rel=\\\"self\\\"\"}]"}
{"level":"error","message":"could not write message KafkaJSNumberOfRetriesExceeded: Connection error: connect ECONNREFUSED ::1:9092"}
{"level":"error","message":"could not write message KafkaJSNumberOfRetriesExceeded: Connection error: connect ECONNREFUSED ::1:9092"}
{"level":"error","message":"could not write message KafkaJSNumberOfRetriesExceeded: Connection error: connect ECONNREFUSED ::1:9092"}
{"level":"info","message":"Service::show: retrieveService Service"}
{"level":"info","message":"getSingleKey:: #1 res=da116945-5ebf-418d-b9fc-505b11f47890"}
{"level":"info","message":"show:: resourceType=Service query={\"criteria\":{\"id\":\"da116945-5ebf-418d-b9fc-505b11f47890\"},\"options\":{\"projection\":{\"state\":1,\"id\":1,\"href\":1,\"@type\":1},\"limit\":250}}"}
{"level":"info","message":"NotificationHandler:: publish ri-internal-event ServiceNotification"}
{"level":"info","message":"Service::index: listService Service"}
{"level":"info","message":"mongo::findMany query={\n  \"criteria\": {},\n  \"options\": {\n    \"projection\": {\n      \"state\": 1,\n      \"id\": 1,\n      \"href\": 1,\n      \"@type\": 1\n    },\n    \"limit\": 250\n  }\n}"}
{"level":"info","message":"NotificationHandler:: publish ri-internal-event ServiceNotification"}
{"level":"info","message":"responseHeaderParams=[{\"X-Total-Count\":19},{\"X-Result-Count\":19},{\"Link\":\"<http://localhost:8638/tmf-api/serviceInventoryManagement/v5/service/?fields=state,id,href,@type&limit=250>; rel=\\\"self\\\"\"}]"}
{"level":"error","message":"could not write message KafkaJSNumberOfRetriesExceeded: Connection error: connect ECONNREFUSED ::1:9092"}
{"level":"error","message":"could not write message KafkaJSNumberOfRetriesExceeded: Connection error: connect ECONNREFUSED ::1:9092"}
{"level":"info","message":"Service::show: retrieveService Service"}
{"level":"info","message":"getSingleKey:: #1 res=da116945-5ebf-418d-b9fc-505b11f47890"}
{"level":"info","message":"show:: resourceType=Service query={\"criteria\":{\"id\":\"da116945-5ebf-418d-b9fc-505b11f47890\"},\"options\":{\"projection\":{\"state\":1,\"id\":1,\"href\":1,\"@type\":1},\"limit\":250}}"}
{"level":"info","message":"NotificationHandler:: publish ri-internal-event ServiceNotification"}
{"level":"info","message":"Service::index: listService Service"}
{"level":"info","message":"mongo::findMany query={\n  \"criteria\": {},\n  \"options\": {\n    \"projection\": {\n      \"state\": 1,\n      \"id\": 1,\n      \"href\": 1,\n      \"@type\": 1\n    },\n    \"limit\": 250\n  }\n}"}
{"level":"info","message":"NotificationHandler:: publish ri-internal-event ServiceNotification"}
{"level":"info","message":"responseHeaderParams=[{\"X-Total-Count\":19},{\"X-Result-Count\":19},{\"Link\":\"<http://localhost:8638/tmf-api/serviceInventoryManagement/v5/service/?fields=state,id,href,@type&limit=250>; rel=\\\"self\\\"\"}]"}
{"level":"error","message":"could not write message KafkaJSNumberOfRetriesExceeded: Connection error: connect ECONNREFUSED ::1:9092"}
{"level":"error","message":"could not write message KafkaJSNumberOfRetriesExceeded: Connection error: connect ECONNREFUSED ::1:9092"}
{"level":"info","message":"Service::index: listService Service"}
{"level":"info","message":"mongo::findMany query={\n  \"criteria\": {},\n  \"options\": {\n    \"projection\": {},\n    \"limit\": 250\n  }\n}"}
{"level":"info","message":"NotificationHandler:: publish ri-internal-event ServiceNotification"}
{"level":"info","message":"responseHeaderParams=[{\"X-Total-Count\":19},{\"X-Result-Count\":19},{\"Link\":\"<http://localhost:8638/tmf-api/serviceInventoryManagement/v5/service/?limit=250>; rel=\\\"self\\\"\"}]"}
{"level":"error","message":"could not write message KafkaJSNumberOfRetriesExceeded: Connection error: connect ECONNREFUSED ::1:9092"}
{"level":"error","message":"could not write message KafkaJSNumberOfRetriesExceeded: Connection error: connect ECONNREFUSED ::1:9092"}
{"level":"error","message":"could not write message KafkaJSNumberOfRetriesExceeded: Connection error: connect ECONNREFUSED ::1:9092"}
{"level":"error","message":"could not write message KafkaJSNumberOfRetriesExceeded: Connection error: connect ECONNREFUSED ::1:9092"}
{"level":"info","message":"Service::create: createService Service"}
{"level":"info","message":"getResponseType: path not found (path=/tmf-api/serviceInventoryManagement/v5/service/)"}
{"level":"info","message":"... replace date with native Date type"}
{"level":"info","message":"... processMissingProperties: Service"}
{"level":"info","message":"populateMandatoryAttributes: type=Service"}
{"level":"info","message":"... processExcludedInPost: Service Service_Create"}
{"level":"info","message":"... processExcludedInPost: undefined not found"}
{"level":"info","message":"NotificationHandler:: publish ri-internal-event ServiceCreationNotification"}
{"level":"info","message":"Service::index: listService Service"}
{"level":"info","message":"mongo::findMany query={\n  \"criteria\": {},\n  \"options\": {\n    \"projection\": {},\n    \"limit\": 250\n  }\n}"}
{"level":"info","message":"NotificationHandler:: publish ri-internal-event ServiceNotification"}
{"level":"info","message":"responseHeaderParams=[{\"X-Total-Count\":20},{\"X-Result-Count\":20},{\"Link\":\"<http://localhost:8638/tmf-api/serviceInventoryManagement/v5/service/?limit=250>; rel=\\\"self\\\"\"}]"}
{"level":"info","message":"Service::show: retrieveService Service"}
{"level":"info","message":"getSingleKey:: #1 res=5867ad27-da07-4bdb-8a4e-22362ce0eb32"}
{"level":"info","message":"show:: resourceType=Service query={\"criteria\":{\"id\":\"5867ad27-da07-4bdb-8a4e-22362ce0eb32\"},\"options\":{\"projection\":{},\"limit\":250}}"}
{"level":"info","message":"NotificationHandler:: publish ri-internal-event ServiceNotification"}
{"level":"info","message":"Service::show: retrieveService Service"}
{"level":"info","message":"getSingleKey:: #1 res=5867ad27-da07-4bdb-8a4e-22362ce0eb32"}
{"level":"info","message":"show:: resourceType=Service query={\"criteria\":{\"id\":\"5867ad27-da07-4bdb-8a4e-22362ce0eb32\"},\"options\":{\"projection\":{\"serviceSpecification\":1,\"id\":1,\"href\":1,\"@type\":1},\"limit\":250}}"}
{"level":"info","message":"NotificationHandler:: publish ri-internal-event ServiceNotification"}
{"level":"info","message":"Service::index: listService Service"}
{"level":"info","message":"mongo::findMany query={\n  \"criteria\": {},\n  \"options\": {\n    \"projection\": {\n      \"serviceSpecification\": 1,\n      \"id\": 1,\n      \"href\": 1,\n      \"@type\": 1\n    },\n    \"limit\": 250\n  }\n}"}
{"level":"info","message":"NotificationHandler:: publish ri-internal-event ServiceNotification"}
{"level":"info","message":"responseHeaderParams=[{\"X-Total-Count\":20},{\"X-Result-Count\":20},{\"Link\":\"<http://localhost:8638/tmf-api/serviceInventoryManagement/v5/service/?fields=serviceSpecification,id,href,@type&limit=250>; rel=\\\"self\\\"\"}]"}
{"level":"error","message":"could not write message KafkaJSNumberOfRetriesExceeded: Connection error: connect ECONNREFUSED ::1:9092"}
{"level":"error","message":"could not write message KafkaJSNumberOfRetriesExceeded: Connection error: connect ECONNREFUSED ::1:9092"}
{"level":"info","message":"Service::show: retrieveService Service"}
{"level":"info","message":"getSingleKey:: #1 res=5867ad27-da07-4bdb-8a4e-22362ce0eb32"}
{"level":"info","message":"show:: resourceType=Service query={\"criteria\":{\"id\":\"5867ad27-da07-4bdb-8a4e-22362ce0eb32\"},\"options\":{\"projection\":{\"serviceSpecification\":1,\"id\":1,\"href\":1,\"@type\":1},\"limit\":250}}"}
{"level":"info","message":"NotificationHandler:: publish ri-internal-event ServiceNotification"}
{"level":"info","message":"Service::index: listService Service"}
{"level":"info","message":"mongo::findMany query={\n  \"criteria\": {},\n  \"options\": {\n    \"projection\": {\n      \"serviceSpecification\": 1,\n      \"id\": 1,\n      \"href\": 1,\n      \"@type\": 1\n    },\n    \"limit\": 250\n  }\n}"}
{"level":"info","message":"NotificationHandler:: publish ri-internal-event ServiceNotification"}
{"level":"info","message":"responseHeaderParams=[{\"X-Total-Count\":20},{\"X-Result-Count\":20},{\"Link\":\"<http://localhost:8638/tmf-api/serviceInventoryManagement/v5/service/?fields=serviceSpecification,id,href,@type&limit=250>; rel=\\\"self\\\"\"}]"}
{"level":"error","message":"could not write message KafkaJSNumberOfRetriesExceeded: Connection error: connect ECONNREFUSED ::1:9092"}
{"level":"error","message":"could not write message KafkaJSNumberOfRetriesExceeded: Connection error: connect ECONNREFUSED ::1:9092"}
{"level":"info","message":"Service::index: listService Service"}
{"level":"info","message":"mongo::findMany query={\n  \"criteria\": {},\n  \"options\": {\n    \"projection\": {},\n    \"limit\": 250\n  }\n}"}
{"level":"info","message":"NotificationHandler:: publish ri-internal-event ServiceNotification"}
{"level":"info","message":"responseHeaderParams=[{\"X-Total-Count\":20},{\"X-Result-Count\":20},{\"Link\":\"<http://localhost:8638/tmf-api/serviceInventoryManagement/v5/service/?limit=250>; rel=\\\"self\\\"\"}]"}
{"level":"error","message":"could not write message KafkaJSNumberOfRetriesExceeded: Connection error: connect ECONNREFUSED ::1:9092"}
{"level":"info","message":"Service::show: retrieveService Service"}
{"level":"info","message":"getSingleKey:: #1 res=5867ad27-da07-4bdb-8a4e-22362ce0eb32"}
{"level":"info","message":"show:: resourceType=Service query={\"criteria\":{\"id\":\"5867ad27-da07-4bdb-8a4e-22362ce0eb32\"},\"options\":{\"projection\":{\"state\":1,\"id\":1,\"href\":1,\"@type\":1},\"limit\":250}}"}
{"level":"info","message":"NotificationHandler:: publish ri-internal-event ServiceNotification"}
{"level":"error","message":"could not write message KafkaJSNumberOfRetriesExceeded: Connection error: connect ECONNREFUSED ::1:9092"}
{"level":"info","message":"Service::index: listService Service"}
{"level":"info","message":"mongo::findMany query={\n  \"criteria\": {},\n  \"options\": {\n    \"projection\": {\n      \"state\": 1,\n      \"id\": 1,\n      \"href\": 1,\n      \"@type\": 1\n    },\n    \"limit\": 250\n  }\n}"}
{"level":"info","message":"NotificationHandler:: publish ri-internal-event ServiceNotification"}
{"level":"info","message":"responseHeaderParams=[{\"X-Total-Count\":20},{\"X-Result-Count\":20},{\"Link\":\"<http://localhost:8638/tmf-api/serviceInventoryManagement/v5/service/?fields=state,id,href,@type&limit=250>; rel=\\\"self\\\"\"}]"}
{"level":"info","message":"Service::show: retrieveService Service"}
{"level":"info","message":"getSingleKey:: #1 res=5867ad27-da07-4bdb-8a4e-22362ce0eb32"}
{"level":"info","message":"show:: resourceType=Service query={\"criteria\":{\"id\":\"5867ad27-da07-4bdb-8a4e-22362ce0eb32\"},\"options\":{\"projection\":{\"state\":1,\"id\":1,\"href\":1,\"@type\":1},\"limit\":250}}"}
{"level":"info","message":"NotificationHandler:: publish ri-internal-event ServiceNotification"}
{"level":"info","message":"Service::index: listService Service"}
{"level":"info","message":"mongo::findMany query={\n  \"criteria\": {},\n  \"options\": {\n    \"projection\": {\n      \"state\": 1,\n      \"id\": 1,\n      \"href\": 1,\n      \"@type\": 1\n    },\n    \"limit\": 250\n  }\n}"}
{"level":"info","message":"NotificationHandler:: publish ri-internal-event ServiceNotification"}
{"level":"info","message":"responseHeaderParams=[{\"X-Total-Count\":20},{\"X-Result-Count\":20},{\"Link\":\"<http://localhost:8638/tmf-api/serviceInventoryManagement/v5/service/?fields=state,id,href,@type&limit=250>; rel=\\\"self\\\"\"}]"}
{"level":"error","message":"could not write message KafkaJSNumberOfRetriesExceeded: Connection error: connect ECONNREFUSED ::1:9092"}
{"level":"info","message":"Service::index: listService Service"}
{"level":"info","message":"mongo::findMany query={\n  \"criteria\": {},\n  \"options\": {\n    \"projection\": {},\n    \"limit\": 250\n  }\n}"}
{"level":"info","message":"NotificationHandler:: publish ri-internal-event ServiceNotification"}
{"level":"info","message":"responseHeaderParams=[{\"X-Total-Count\":20},{\"X-Result-Count\":20},{\"Link\":\"<http://localhost:8638/tmf-api/serviceInventoryManagement/v5/service/?limit=250>; rel=\\\"self\\\"\"}]"}
{"level":"error","message":"could not write message KafkaJSNumberOfRetriesExceeded: Connection error: connect ECONNREFUSED ::1:9092"}
{"level":"error","message":"could not write message KafkaJSNumberOfRetriesExceeded: Connection error: connect ECONNREFUSED ::1:9092"}
{"level":"error","message":"could not write message KafkaJSNumberOfRetriesExceeded: Connection error: connect ECONNREFUSED ::1:9092"}
{"level":"error","message":"could not write message KafkaJSNumberOfRetriesExceeded: Connection error: connect ECONNREFUSED ::1:9092"}
{"level":"error","message":"could not write message KafkaJSNumberOfRetriesExceeded: Connection error: connect ECONNREFUSED ::1:9092"}
{"level":"error","message":"could not write message KafkaJSNumberOfRetriesExceeded: Connection error: connect ECONNREFUSED ::1:9092"}
{"level":"info","message":"Service::create: createService Service"}
{"level":"info","message":"getResponseType: path not found (path=/tmf-api/serviceInventoryManagement/v5/service/)"}
{"level":"info","message":"... replace date with native Date type"}
{"level":"info","message":"... processMissingProperties: Service"}
{"level":"info","message":"populateMandatoryAttributes: type=Service"}
{"level":"info","message":"... processExcludedInPost: Service Service_Create"}
{"level":"info","message":"... processExcludedInPost: undefined not found"}
{"level":"info","message":"NotificationHandler:: publish ri-internal-event ServiceCreationNotification"}
{"level":"info","message":"Service::index: listService Service"}
{"level":"info","message":"mongo::findMany query={\n  \"criteria\": {},\n  \"options\": {\n    \"projection\": {},\n    \"limit\": 250\n  }\n}"}
{"level":"info","message":"NotificationHandler:: publish ri-internal-event ServiceNotification"}
{"level":"info","message":"responseHeaderParams=[{\"X-Total-Count\":21},{\"X-Result-Count\":21},{\"Link\":\"<http://localhost:8638/tmf-api/serviceInventoryManagement/v5/service/?limit=250>; rel=\\\"self\\\"\"}]"}
{"level":"info","message":"Service::show: retrieveService Service"}
{"level":"info","message":"getSingleKey:: #1 res=0d70f040-bbd8-459d-b62d-6b068a814b68"}
{"level":"info","message":"show:: resourceType=Service query={\"criteria\":{\"id\":\"0d70f040-bbd8-459d-b62d-6b068a814b68\"},\"options\":{\"projection\":{},\"limit\":250}}"}
{"level":"info","message":"NotificationHandler:: publish ri-internal-event ServiceNotification"}
{"level":"info","message":"Service::show: retrieveService Service"}
{"level":"info","message":"getSingleKey:: #1 res=0d70f040-bbd8-459d-b62d-6b068a814b68"}
{"level":"info","message":"show:: resourceType=Service query={\"criteria\":{\"id\":\"0d70f040-bbd8-459d-b62d-6b068a814b68\"},\"options\":{\"projection\":{\"serviceSpecification\":1,\"id\":1,\"href\":1,\"@type\":1},\"limit\":250}}"}
{"level":"info","message":"NotificationHandler:: publish ri-internal-event ServiceNotification"}
{"level":"info","message":"Service::index: listService Service"}
{"level":"info","message":"mongo::findMany query={\n  \"criteria\": {},\n  \"options\": {\n    \"projection\": {\n      \"serviceSpecification\": 1,\n      \"id\": 1,\n      \"href\": 1,\n      \"@type\": 1\n    },\n    \"limit\": 250\n  }\n}"}
{"level":"info","message":"NotificationHandler:: publish ri-internal-event ServiceNotification"}
{"level":"info","message":"responseHeaderParams=[{\"X-Total-Count\":21},{\"X-Result-Count\":21},{\"Link\":\"<http://localhost:8638/tmf-api/serviceInventoryManagement/v5/service/?fields=serviceSpecification,id,href,@type&limit=250>; rel=\\\"self\\\"\"}]"}
{"level":"error","message":"could not write message KafkaJSNumberOfRetriesExceeded: Connection error: connect ECONNREFUSED ::1:9092"}
{"level":"error","message":"could not write message KafkaJSNumberOfRetriesExceeded: Connection error: connect ECONNREFUSED ::1:9092"}
{"level":"info","message":"Service::show: retrieveService Service"}
{"level":"info","message":"getSingleKey:: #1 res=0d70f040-bbd8-459d-b62d-6b068a814b68"}
{"level":"info","message":"show:: resourceType=Service query={\"criteria\":{\"id\":\"0d70f040-bbd8-459d-b62d-6b068a814b68\"},\"options\":{\"projection\":{\"serviceSpecification\":1,\"id\":1,\"href\":1,\"@type\":1},\"limit\":250}}"}
{"level":"info","message":"NotificationHandler:: publish ri-internal-event ServiceNotification"}
{"level":"info","message":"Service::index: listService Service"}
{"level":"info","message":"mongo::findMany query={\n  \"criteria\": {},\n  \"options\": {\n    \"projection\": {\n      \"serviceSpecification\": 1,\n      \"id\": 1,\n      \"href\": 1,\n      \"@type\": 1\n    },\n    \"limit\": 250\n  }\n}"}
{"level":"info","message":"NotificationHandler:: publish ri-internal-event ServiceNotification"}
{"level":"info","message":"responseHeaderParams=[{\"X-Total-Count\":21},{\"X-Result-Count\":21},{\"Link\":\"<http://localhost:8638/tmf-api/serviceInventoryManagement/v5/service/?fields=serviceSpecification,id,href,@type&limit=250>; rel=\\\"self\\\"\"}]"}
{"level":"error","message":"could not write message KafkaJSNumberOfRetriesExceeded: Connection error: connect ECONNREFUSED ::1:9092"}
{"level":"error","message":"could not write message KafkaJSNumberOfRetriesExceeded: Connection error: connect ECONNREFUSED ::1:9092"}
{"level":"info","message":"Service::index: listService Service"}
{"level":"info","message":"mongo::findMany query={\n  \"criteria\": {},\n  \"options\": {\n    \"projection\": {},\n    \"limit\": 250\n  }\n}"}
{"level":"info","message":"NotificationHandler:: publish ri-internal-event ServiceNotification"}
{"level":"info","message":"responseHeaderParams=[{\"X-Total-Count\":21},{\"X-Result-Count\":21},{\"Link\":\"<http://localhost:8638/tmf-api/serviceInventoryManagement/v5/service/?limit=250>; rel=\\\"self\\\"\"}]"}
{"level":"error","message":"could not write message KafkaJSNumberOfRetriesExceeded: Connection error: connect ECONNREFUSED ::1:9092"}
{"level":"info","message":"Service::show: retrieveService Service"}
{"level":"info","message":"getSingleKey:: #1 res=0d70f040-bbd8-459d-b62d-6b068a814b68"}
{"level":"info","message":"show:: resourceType=Service query={\"criteria\":{\"id\":\"0d70f040-bbd8-459d-b62d-6b068a814b68\"},\"options\":{\"projection\":{\"state\":1,\"id\":1,\"href\":1,\"@type\":1},\"limit\":250}}"}
{"level":"info","message":"NotificationHandler:: publish ri-internal-event ServiceNotification"}
{"level":"info","message":"Service::index: listService Service"}
{"level":"info","message":"mongo::findMany query={\n  \"criteria\": {},\n  \"options\": {\n    \"projection\": {\n      \"state\": 1,\n      \"id\": 1,\n      \"href\": 1,\n      \"@type\": 1\n    },\n    \"limit\": 250\n  }\n}"}
{"level":"info","message":"NotificationHandler:: publish ri-internal-event ServiceNotification"}
{"level":"info","message":"responseHeaderParams=[{\"X-Total-Count\":21},{\"X-Result-Count\":21},{\"Link\":\"<http://localhost:8638/tmf-api/serviceInventoryManagement/v5/service/?fields=state,id,href,@type&limit=250>; rel=\\\"self\\\"\"}]"}
{"level":"error","message":"could not write message KafkaJSNumberOfRetriesExceeded: Connection error: connect ECONNREFUSED ::1:9092"}
{"level":"error","message":"could not write message KafkaJSNumberOfRetriesExceeded: Connection error: connect ECONNREFUSED ::1:9092"}
{"level":"info","message":"Service::show: retrieveService Service"}
{"level":"info","message":"getSingleKey:: #1 res=0d70f040-bbd8-459d-b62d-6b068a814b68"}
{"level":"info","message":"show:: resourceType=Service query={\"criteria\":{\"id\":\"0d70f040-bbd8-459d-b62d-6b068a814b68\"},\"options\":{\"projection\":{\"state\":1,\"id\":1,\"href\":1,\"@type\":1},\"limit\":250}}"}
{"level":"info","message":"NotificationHandler:: publish ri-internal-event ServiceNotification"}
{"level":"info","message":"Service::index: listService Service"}
{"level":"info","message":"mongo::findMany query={\n  \"criteria\": {},\n  \"options\": {\n    \"projection\": {\n      \"state\": 1,\n      \"id\": 1,\n      \"href\": 1,\n      \"@type\": 1\n    },\n    \"limit\": 250\n  }\n}"}
{"level":"info","message":"NotificationHandler:: publish ri-internal-event ServiceNotification"}
{"level":"info","message":"responseHeaderParams=[{\"X-Total-Count\":21},{\"X-Result-Count\":21},{\"Link\":\"<http://localhost:8638/tmf-api/serviceInventoryManagement/v5/service/?fields=state,id,href,@type&limit=250>; rel=\\\"self\\\"\"}]"}
{"level":"error","message":"could not write message KafkaJSNumberOfRetriesExceeded: Connection error: connect ECONNREFUSED ::1:9092"}
{"level":"error","message":"could not write message KafkaJSNumberOfRetriesExceeded: Connection error: connect ECONNREFUSED ::1:9092"}
{"level":"info","message":"Service::index: listService Service"}
{"level":"info","message":"mongo::findMany query={\n  \"criteria\": {},\n  \"options\": {\n    \"projection\": {},\n    \"limit\": 250\n  }\n}"}
{"level":"info","message":"NotificationHandler:: publish ri-internal-event ServiceNotification"}
{"level":"info","message":"responseHeaderParams=[{\"X-Total-Count\":21},{\"X-Result-Count\":21},{\"Link\":\"<http://localhost:8638/tmf-api/serviceInventoryManagement/v5/service/?limit=250>; rel=\\\"self\\\"\"}]"}
{"level":"error","message":"could not write message KafkaJSNumberOfRetriesExceeded: Connection error: connect ECONNREFUSED ::1:9092"}
{"level":"error","message":"could not write message KafkaJSNumberOfRetriesExceeded: Connection error: connect ECONNREFUSED ::1:9092"}
{"level":"error","message":"could not write message KafkaJSNumberOfRetriesExceeded: Connection error: connect ECONNREFUSED ::1:9092"}
{"level":"error","message":"could not write message KafkaJSNumberOfRetriesExceeded: Connection error: connect ECONNREFUSED ::1:9092"}
{"level":"info","message":"Service::index: listService Service"}
{"level":"info","message":"mongo::findMany query={\n  \"criteria\": {},\n  \"options\": {\n    \"projection\": {},\n    \"limit\": 250\n  }\n}"}
{"level":"info","message":"NotificationHandler:: publish ri-internal-event ServiceNotification"}
{"level":"info","message":"responseHeaderParams=[{\"X-Total-Count\":21},{\"X-Result-Count\":21},{\"Link\":\"<http://localhost:8638/tmf-api/serviceInventoryManagement/v5/Service?limit=250>; rel=\\\"self\\\"\"}]"}
{"level":"error","message":"could not write message KafkaJSNumberOfRetriesExceeded: Connection error: connect ECONNREFUSED ::1:9092"}
{"level":"info","message":"Service::update: patchService Service"}
{"level":"info","message":"getSingleKey:: #1 res=74db830b-3744-47c2-94bd-d7e9eb18263d"}
{"level":"info","message":"NotificationHandler:: publish ri-internal-event ServiceAttributeValueChangeNotification"}
{"level":"error","message":"could not write message KafkaJSNumberOfRetriesExceeded: Connection error: connect ECONNREFUSED ::1:9092"}
{"level":"info","message":"Service::create: createService Service"}
{"level":"info","message":"getResponseType: path not found (path=/tmf-api/serviceInventoryManagement/v5/service/)"}
{"level":"info","message":"... replace date with native Date type"}
{"level":"info","message":"... processMissingProperties: Service"}
{"level":"info","message":"populateMandatoryAttributes: type=Service"}
{"level":"info","message":"... processExcludedInPost: Service Service_Create"}
{"level":"info","message":"... processExcludedInPost: undefined not found"}
{"level":"info","message":"NotificationHandler:: publish ri-internal-event ServiceCreationNotification"}
{"level":"info","message":"Service::index: listService Service"}
{"level":"info","message":"mongo::findMany query={\n  \"criteria\": {},\n  \"options\": {\n    \"projection\": {},\n    \"limit\": 250\n  }\n}"}
{"level":"info","message":"NotificationHandler:: publish ri-internal-event ServiceNotification"}
{"level":"info","message":"responseHeaderParams=[{\"X-Total-Count\":22},{\"X-Result-Count\":22},{\"Link\":\"<http://localhost:8638/tmf-api/serviceInventoryManagement/v5/service/?limit=250>; rel=\\\"self\\\"\"}]"}
{"level":"info","message":"Service::show: retrieveService Service"}
{"level":"info","message":"getSingleKey:: #1 res=cb40b616-dfbb-4b69-8411-1ca0e1024ff3"}
{"level":"info","message":"show:: resourceType=Service query={\"criteria\":{\"id\":\"cb40b616-dfbb-4b69-8411-1ca0e1024ff3\"},\"options\":{\"projection\":{},\"limit\":250}}"}
{"level":"info","message":"NotificationHandler:: publish ri-internal-event ServiceNotification"}
{"level":"info","message":"Service::show: retrieveService Service"}
{"level":"info","message":"getSingleKey:: #1 res=cb40b616-dfbb-4b69-8411-1ca0e1024ff3"}
{"level":"info","message":"show:: resourceType=Service query={\"criteria\":{\"id\":\"cb40b616-dfbb-4b69-8411-1ca0e1024ff3\"},\"options\":{\"projection\":{\"serviceSpecification\":1,\"id\":1,\"href\":1,\"@type\":1},\"limit\":250}}"}
{"level":"info","message":"NotificationHandler:: publish ri-internal-event ServiceNotification"}
{"level":"info","message":"Service::index: listService Service"}
{"level":"info","message":"mongo::findMany query={\n  \"criteria\": {},\n  \"options\": {\n    \"projection\": {\n      \"serviceSpecification\": 1,\n      \"id\": 1,\n      \"href\": 1,\n      \"@type\": 1\n    },\n    \"limit\": 250\n  }\n}"}
{"level":"info","message":"NotificationHandler:: publish ri-internal-event ServiceNotification"}
{"level":"info","message":"responseHeaderParams=[{\"X-Total-Count\":22},{\"X-Result-Count\":22},{\"Link\":\"<http://localhost:8638/tmf-api/serviceInventoryManagement/v5/service/?fields=serviceSpecification,id,href,@type&limit=250>; rel=\\\"self\\\"\"}]"}
{"level":"error","message":"could not write message KafkaJSNumberOfRetriesExceeded: Connection error: connect ECONNREFUSED ::1:9092"}
{"level":"error","message":"could not write message KafkaJSNumberOfRetriesExceeded: Connection error: connect ECONNREFUSED ::1:9092"}
{"level":"info","message":"Service::show: retrieveService Service"}
{"level":"info","message":"getSingleKey:: #1 res=cb40b616-dfbb-4b69-8411-1ca0e1024ff3"}
{"level":"info","message":"show:: resourceType=Service query={\"criteria\":{\"id\":\"cb40b616-dfbb-4b69-8411-1ca0e1024ff3\"},\"options\":{\"projection\":{\"serviceSpecification\":1,\"id\":1,\"href\":1,\"@type\":1},\"limit\":250}}"}
{"level":"info","message":"NotificationHandler:: publish ri-internal-event ServiceNotification"}
{"level":"info","message":"Service::index: listService Service"}
{"level":"info","message":"mongo::findMany query={\n  \"criteria\": {},\n  \"options\": {\n    \"projection\": {\n      \"serviceSpecification\": 1,\n      \"id\": 1,\n      \"href\": 1,\n      \"@type\": 1\n    },\n    \"limit\": 250\n  }\n}"}
{"level":"info","message":"NotificationHandler:: publish ri-internal-event ServiceNotification"}
{"level":"info","message":"responseHeaderParams=[{\"X-Total-Count\":22},{\"X-Result-Count\":22},{\"Link\":\"<http://localhost:8638/tmf-api/serviceInventoryManagement/v5/service/?fields=serviceSpecification,id,href,@type&limit=250>; rel=\\\"self\\\"\"}]"}
{"level":"error","message":"could not write message KafkaJSNumberOfRetriesExceeded: Connection error: connect ECONNREFUSED ::1:9092"}
{"level":"info","message":"Service::index: listService Service"}
{"level":"info","message":"mongo::findMany query={\n  \"criteria\": {},\n  \"options\": {\n    \"projection\": {},\n    \"limit\": 250\n  }\n}"}
{"level":"info","message":"NotificationHandler:: publish ri-internal-event ServiceNotification"}
{"level":"info","message":"responseHeaderParams=[{\"X-Total-Count\":22},{\"X-Result-Count\":22},{\"Link\":\"<http://localhost:8638/tmf-api/serviceInventoryManagement/v5/service/?limit=250>; rel=\\\"self\\\"\"}]"}
{"level":"error","message":"could not write message KafkaJSNumberOfRetriesExceeded: Connection error: connect ECONNREFUSED ::1:9092"}
{"level":"error","message":"could not write message KafkaJSNumberOfRetriesExceeded: Connection error: connect ECONNREFUSED ::1:9092"}
{"level":"info","message":"Service::show: retrieveService Service"}
{"level":"info","message":"getSingleKey:: #1 res=cb40b616-dfbb-4b69-8411-1ca0e1024ff3"}
{"level":"info","message":"show:: resourceType=Service query={\"criteria\":{\"id\":\"cb40b616-dfbb-4b69-8411-1ca0e1024ff3\"},\"options\":{\"projection\":{\"state\":1,\"id\":1,\"href\":1,\"@type\":1},\"limit\":250}}"}
{"level":"info","message":"NotificationHandler:: publish ri-internal-event ServiceNotification"}
{"level":"info","message":"Service::index: listService Service"}
{"level":"info","message":"mongo::findMany query={\n  \"criteria\": {},\n  \"options\": {\n    \"projection\": {\n      \"state\": 1,\n      \"id\": 1,\n      \"href\": 1,\n      \"@type\": 1\n    },\n    \"limit\": 250\n  }\n}"}
{"level":"info","message":"NotificationHandler:: publish ri-internal-event ServiceNotification"}
{"level":"info","message":"responseHeaderParams=[{\"X-Total-Count\":22},{\"X-Result-Count\":22},{\"Link\":\"<http://localhost:8638/tmf-api/serviceInventoryManagement/v5/service/?fields=state,id,href,@type&limit=250>; rel=\\\"self\\\"\"}]"}
{"level":"error","message":"could not write message KafkaJSNumberOfRetriesExceeded: Connection error: connect ECONNREFUSED ::1:9092"}
{"level":"info","message":"Service::show: retrieveService Service"}
{"level":"info","message":"getSingleKey:: #1 res=cb40b616-dfbb-4b69-8411-1ca0e1024ff3"}
{"level":"info","message":"show:: resourceType=Service query={\"criteria\":{\"id\":\"cb40b616-dfbb-4b69-8411-1ca0e1024ff3\"},\"options\":{\"projection\":{\"state\":1,\"id\":1,\"href\":1,\"@type\":1},\"limit\":250}}"}
{"level":"info","message":"NotificationHandler:: publish ri-internal-event ServiceNotification"}
{"level":"info","message":"Service::index: listService Service"}
{"level":"info","message":"mongo::findMany query={\n  \"criteria\": {},\n  \"options\": {\n    \"projection\": {\n      \"state\": 1,\n      \"id\": 1,\n      \"href\": 1,\n      \"@type\": 1\n    },\n    \"limit\": 250\n  }\n}"}
{"level":"info","message":"NotificationHandler:: publish ri-internal-event ServiceNotification"}
{"level":"info","message":"responseHeaderParams=[{\"X-Total-Count\":22},{\"X-Result-Count\":22},{\"Link\":\"<http://localhost:8638/tmf-api/serviceInventoryManagement/v5/service/?fields=state,id,href,@type&limit=250>; rel=\\\"self\\\"\"}]"}
{"level":"error","message":"could not write message KafkaJSNumberOfRetriesExceeded: Connection error: connect ECONNREFUSED ::1:9092"}
{"level":"error","message":"could not write message KafkaJSNumberOfRetriesExceeded: Connection error: connect ECONNREFUSED ::1:9092"}
{"level":"error","message":"could not write message KafkaJSNumberOfRetriesExceeded: Connection error: connect ECONNREFUSED ::1:9092"}
{"level":"info","message":"Service::index: listService Service"}
{"level":"info","message":"mongo::findMany query={\n  \"criteria\": {},\n  \"options\": {\n    \"projection\": {},\n    \"limit\": 250\n  }\n}"}
{"level":"info","message":"NotificationHandler:: publish ri-internal-event ServiceNotification"}
{"level":"info","message":"responseHeaderParams=[{\"X-Total-Count\":22},{\"X-Result-Count\":22},{\"Link\":\"<http://localhost:8638/tmf-api/serviceInventoryManagement/v5/service/?limit=250>; rel=\\\"self\\\"\"}]"}
{"level":"error","message":"could not write message KafkaJSNumberOfRetriesExceeded: Connection error: connect ECONNREFUSED ::1:9092"}
{"level":"info","message":"Service::update: patchService Service"}
{"level":"info","message":"getSingleKey:: #1 res=cb40b616-dfbb-4b69-8411-1ca0e1024ff3"}
{"level":"info","message":"NotificationHandler:: publish ri-internal-event ServiceAttributeValueChangeNotification"}
{"level":"error","message":"could not write message KafkaJSNumberOfRetriesExceeded: Connection error: connect ECONNREFUSED ::1:9092"}
{"level":"error","message":"could not write message KafkaJSNumberOfRetriesExceeded: Connection error: connect ECONNREFUSED ::1:9092"}
{"level":"error","message":"could not write message KafkaJSNumberOfRetriesExceeded: Connection error: connect ECONNREFUSED ::1:9092"}
{"level":"error","message":"could not write message KafkaJSNumberOfRetriesExceeded: Connection error: connect ECONNREFUSED ::1:9092"}
{"level":"info","message":"Service::create: createService Service"}
{"level":"info","message":"getResponseType: path not found (path=/tmf-api/serviceInventoryManagement/v5/service/)"}
{"level":"info","message":"... replace date with native Date type"}
{"level":"info","message":"... processMissingProperties: Service"}
{"level":"info","message":"populateMandatoryAttributes: type=Service"}
{"level":"info","message":"... processExcludedInPost: Service Service_Create"}
{"level":"info","message":"... processExcludedInPost: undefined not found"}
{"level":"info","message":"NotificationHandler:: publish ri-internal-event ServiceCreationNotification"}
{"level":"info","message":"Service::index: listService Service"}
{"level":"info","message":"mongo::findMany query={\n  \"criteria\": {},\n  \"options\": {\n    \"projection\": {},\n    \"limit\": 250\n  }\n}"}
{"level":"info","message":"NotificationHandler:: publish ri-internal-event ServiceNotification"}
{"level":"info","message":"responseHeaderParams=[{\"X-Total-Count\":23},{\"X-Result-Count\":23},{\"Link\":\"<http://localhost:8638/tmf-api/serviceInventoryManagement/v5/service/?limit=250>; rel=\\\"self\\\"\"}]"}
{"level":"info","message":"Service::show: retrieveService Service"}
{"level":"info","message":"getSingleKey:: #1 res=02923242-5abc-4ca9-8451-2dd5f9fd9faf"}
{"level":"info","message":"show:: resourceType=Service query={\"criteria\":{\"id\":\"02923242-5abc-4ca9-8451-2dd5f9fd9faf\"},\"options\":{\"projection\":{},\"limit\":250}}"}
{"level":"info","message":"NotificationHandler:: publish ri-internal-event ServiceNotification"}
{"level":"info","message":"Service::show: retrieveService Service"}
{"level":"info","message":"getSingleKey:: #1 res=02923242-5abc-4ca9-8451-2dd5f9fd9faf"}
{"level":"info","message":"show:: resourceType=Service query={\"criteria\":{\"id\":\"02923242-5abc-4ca9-8451-2dd5f9fd9faf\"},\"options\":{\"projection\":{\"serviceSpecification\":1,\"id\":1,\"href\":1,\"@type\":1},\"limit\":250}}"}
{"level":"info","message":"NotificationHandler:: publish ri-internal-event ServiceNotification"}
{"level":"info","message":"Service::index: listService Service"}
{"level":"info","message":"mongo::findMany query={\n  \"criteria\": {},\n  \"options\": {\n    \"projection\": {\n      \"serviceSpecification\": 1,\n      \"id\": 1,\n      \"href\": 1,\n      \"@type\": 1\n    },\n    \"limit\": 250\n  }\n}"}
{"level":"info","message":"NotificationHandler:: publish ri-internal-event ServiceNotification"}
{"level":"info","message":"responseHeaderParams=[{\"X-Total-Count\":23},{\"X-Result-Count\":23},{\"Link\":\"<http://localhost:8638/tmf-api/serviceInventoryManagement/v5/service/?fields=serviceSpecification,id,href,@type&limit=250>; rel=\\\"self\\\"\"}]"}
{"level":"error","message":"could not write message KafkaJSNumberOfRetriesExceeded: Connection error: connect ECONNREFUSED ::1:9092"}
{"level":"info","message":"Service::show: retrieveService Service"}
{"level":"info","message":"getSingleKey:: #1 res=02923242-5abc-4ca9-8451-2dd5f9fd9faf"}
{"level":"info","message":"show:: resourceType=Service query={\"criteria\":{\"id\":\"02923242-5abc-4ca9-8451-2dd5f9fd9faf\"},\"options\":{\"projection\":{\"serviceSpecification\":1,\"id\":1,\"href\":1,\"@type\":1},\"limit\":250}}"}
{"level":"info","message":"NotificationHandler:: publish ri-internal-event ServiceNotification"}
{"level":"info","message":"Service::index: listService Service"}
{"level":"info","message":"mongo::findMany query={\n  \"criteria\": {},\n  \"options\": {\n    \"projection\": {\n      \"serviceSpecification\": 1,\n      \"id\": 1,\n      \"href\": 1,\n      \"@type\": 1\n    },\n    \"limit\": 250\n  }\n}"}
{"level":"info","message":"NotificationHandler:: publish ri-internal-event ServiceNotification"}
{"level":"info","message":"responseHeaderParams=[{\"X-Total-Count\":23},{\"X-Result-Count\":23},{\"Link\":\"<http://localhost:8638/tmf-api/serviceInventoryManagement/v5/service/?fields=serviceSpecification,id,href,@type&limit=250>; rel=\\\"self\\\"\"}]"}
{"level":"error","message":"could not write message KafkaJSNumberOfRetriesExceeded: Connection error: connect ECONNREFUSED ::1:9092"}
{"level":"error","message":"could not write message KafkaJSNumberOfRetriesExceeded: Connection error: connect ECONNREFUSED ::1:9092"}
{"level":"info","message":"Service::index: listService Service"}
{"level":"info","message":"mongo::findMany query={\n  \"criteria\": {},\n  \"options\": {\n    \"projection\": {},\n    \"limit\": 250\n  }\n}"}
{"level":"info","message":"NotificationHandler:: publish ri-internal-event ServiceNotification"}
{"level":"info","message":"responseHeaderParams=[{\"X-Total-Count\":23},{\"X-Result-Count\":23},{\"Link\":\"<http://localhost:8638/tmf-api/serviceInventoryManagement/v5/service/?limit=250>; rel=\\\"self\\\"\"}]"}
{"level":"error","message":"could not write message KafkaJSNumberOfRetriesExceeded: Connection error: connect ECONNREFUSED ::1:9092"}
{"level":"error","message":"could not write message KafkaJSNumberOfRetriesExceeded: Connection error: connect ECONNREFUSED ::1:9092"}
{"level":"info","message":"Service::show: retrieveService Service"}
{"level":"info","message":"getSingleKey:: #1 res=02923242-5abc-4ca9-8451-2dd5f9fd9faf"}
{"level":"info","message":"show:: resourceType=Service query={\"criteria\":{\"id\":\"02923242-5abc-4ca9-8451-2dd5f9fd9faf\"},\"options\":{\"projection\":{\"state\":1,\"id\":1,\"href\":1,\"@type\":1},\"limit\":250}}"}
{"level":"info","message":"NotificationHandler:: publish ri-internal-event ServiceNotification"}
{"level":"error","message":"could not write message KafkaJSNumberOfRetriesExceeded: Connection error: connect ECONNREFUSED ::1:9092"}
{"level":"info","message":"Service::index: listService Service"}
{"level":"info","message":"mongo::findMany query={\n  \"criteria\": {},\n  \"options\": {\n    \"projection\": {\n      \"state\": 1,\n      \"id\": 1,\n      \"href\": 1,\n      \"@type\": 1\n    },\n    \"limit\": 250\n  }\n}"}
{"level":"info","message":"NotificationHandler:: publish ri-internal-event ServiceNotification"}
{"level":"info","message":"responseHeaderParams=[{\"X-Total-Count\":23},{\"X-Result-Count\":23},{\"Link\":\"<http://localhost:8638/tmf-api/serviceInventoryManagement/v5/service/?fields=state,id,href,@type&limit=250>; rel=\\\"self\\\"\"}]"}
{"level":"error","message":"could not write message KafkaJSNumberOfRetriesExceeded: Connection error: connect ECONNREFUSED ::1:9092"}
{"level":"info","message":"Service::show: retrieveService Service"}
{"level":"info","message":"getSingleKey:: #1 res=02923242-5abc-4ca9-8451-2dd5f9fd9faf"}
{"level":"info","message":"show:: resourceType=Service query={\"criteria\":{\"id\":\"02923242-5abc-4ca9-8451-2dd5f9fd9faf\"},\"options\":{\"projection\":{\"state\":1,\"id\":1,\"href\":1,\"@type\":1},\"limit\":250}}"}
{"level":"info","message":"NotificationHandler:: publish ri-internal-event ServiceNotification"}
{"level":"info","message":"Service::index: listService Service"}
{"level":"info","message":"mongo::findMany query={\n  \"criteria\": {},\n  \"options\": {\n    \"projection\": {\n      \"state\": 1,\n      \"id\": 1,\n      \"href\": 1,\n      \"@type\": 1\n    },\n    \"limit\": 250\n  }\n}"}
{"level":"info","message":"NotificationHandler:: publish ri-internal-event ServiceNotification"}
{"level":"info","message":"responseHeaderParams=[{\"X-Total-Count\":23},{\"X-Result-Count\":23},{\"Link\":\"<http://localhost:8638/tmf-api/serviceInventoryManagement/v5/service/?fields=state,id,href,@type&limit=250>; rel=\\\"self\\\"\"}]"}
{"level":"error","message":"could not write message KafkaJSNumberOfRetriesExceeded: Connection error: connect ECONNREFUSED ::1:9092"}
{"level":"info","message":"Service::index: listService Service"}
{"level":"info","message":"mongo::findMany query={\n  \"criteria\": {},\n  \"options\": {\n    \"projection\": {},\n    \"limit\": 250\n  }\n}"}
{"level":"info","message":"NotificationHandler:: publish ri-internal-event ServiceNotification"}
{"level":"info","message":"responseHeaderParams=[{\"X-Total-Count\":23},{\"X-Result-Count\":23},{\"Link\":\"<http://localhost:8638/tmf-api/serviceInventoryManagement/v5/service/?limit=250>; rel=\\\"self\\\"\"}]"}
{"level":"error","message":"could not write message KafkaJSNumberOfRetriesExceeded: Connection error: connect ECONNREFUSED ::1:9092"}
{"level":"error","message":"could not write message KafkaJSNumberOfRetriesExceeded: Connection error: connect ECONNREFUSED ::1:9092"}
{"level":"error","message":"could not write message KafkaJSNumberOfRetriesExceeded: Connection error: connect ECONNREFUSED ::1:9092"}
{"level":"error","message":"could not write message KafkaJSNumberOfRetriesExceeded: Connection error: connect ECONNREFUSED ::1:9092"}
{"level":"info","message":"Service::update: patchService Service"}
{"level":"info","message":"getSingleKey:: #1 res=02923242-5abc-4ca9-8451-2dd5f9fd9faf"}
{"level":"info","message":"NotificationHandler:: publish ri-internal-event ServiceAttributeValueChangeNotification"}
{"level":"error","message":"could not write message KafkaJSNumberOfRetriesExceeded: Connection error: connect ECONNREFUSED ::1:9092"}
{"level":"error","message":"could not write message KafkaJSNumberOfRetriesExceeded: Connection error: connect ECONNREFUSED ::1:9092"}
{"level":"info","message":"Service::index: listService Service"}
{"level":"info","message":"mongo::findMany query={\n  \"criteria\": {},\n  \"options\": {\n    \"projection\": {},\n    \"limit\": 250\n  }\n}"}
{"level":"info","message":"NotificationHandler:: publish ri-internal-event ServiceNotification"}
{"level":"info","message":"responseHeaderParams=[{\"X-Total-Count\":23},{\"X-Result-Count\":23},{\"Link\":\"<http://localhost:8638/tmf-api/serviceInventoryManagement/v5/service?limit=250>; rel=\\\"self\\\"\"}]"}
{"level":"error","message":"could not write message KafkaJSNumberOfRetriesExceeded: Connection error: connect ECONNREFUSED ::1:9092"}
{"level":"info","message":"Service::index: listService Service"}
{"level":"info","message":"mongo::findMany query={\n  \"criteria\": {},\n  \"options\": {\n    \"projection\": {},\n    \"limit\": 250\n  }\n}"}
{"level":"info","message":"NotificationHandler:: publish ri-internal-event ServiceNotification"}
{"level":"info","message":"responseHeaderParams=[{\"X-Total-Count\":23},{\"X-Result-Count\":23},{\"Link\":\"<http://localhost:8638/tmf-api/serviceInventoryManagement/v5/service?limit=250>; rel=\\\"self\\\"\"}]"}
{"level":"error","message":"could not write message KafkaJSNumberOfRetriesExceeded: Connection error: connect ECONNREFUSED ::1:9092"}
{"level":"info","message":"Service::create: createService Service"}
{"level":"info","message":"getResponseType: path not found (path=/tmf-api/serviceInventoryManagement/v5/service/)"}
{"level":"info","message":"... replace date with native Date type"}
{"level":"info","message":"... processMissingProperties: Service"}
{"level":"info","message":"populateMandatoryAttributes: type=Service"}
{"level":"info","message":"... processExcludedInPost: Service Service_Create"}
{"level":"info","message":"... processExcludedInPost: undefined not found"}
{"level":"info","message":"NotificationHandler:: publish ri-internal-event ServiceCreationNotification"}
{"level":"info","message":"Service::index: listService Service"}
{"level":"info","message":"mongo::findMany query={\n  \"criteria\": {},\n  \"options\": {\n    \"projection\": {},\n    \"limit\": 250\n  }\n}"}
{"level":"info","message":"NotificationHandler:: publish ri-internal-event ServiceNotification"}
{"level":"info","message":"responseHeaderParams=[{\"X-Total-Count\":24},{\"X-Result-Count\":24},{\"Link\":\"<http://localhost:8638/tmf-api/serviceInventoryManagement/v5/service/?limit=250>; rel=\\\"self\\\"\"}]"}
{"level":"info","message":"Service::show: retrieveService Service"}
{"level":"info","message":"getSingleKey:: #1 res=cdd1f0a1-0761-4429-bcae-7928230cea24"}
{"level":"info","message":"show:: resourceType=Service query={\"criteria\":{\"id\":\"cdd1f0a1-0761-4429-bcae-7928230cea24\"},\"options\":{\"projection\":{},\"limit\":250}}"}
{"level":"info","message":"NotificationHandler:: publish ri-internal-event ServiceNotification"}
{"level":"info","message":"Service::show: retrieveService Service"}
{"level":"info","message":"getSingleKey:: #1 res=cdd1f0a1-0761-4429-bcae-7928230cea24"}
{"level":"info","message":"show:: resourceType=Service query={\"criteria\":{\"id\":\"cdd1f0a1-0761-4429-bcae-7928230cea24\"},\"options\":{\"projection\":{\"serviceSpecification\":1,\"id\":1,\"href\":1,\"@type\":1},\"limit\":250}}"}
{"level":"info","message":"NotificationHandler:: publish ri-internal-event ServiceNotification"}
{"level":"info","message":"Service::index: listService Service"}
{"level":"info","message":"mongo::findMany query={\n  \"criteria\": {},\n  \"options\": {\n    \"projection\": {\n      \"serviceSpecification\": 1,\n      \"id\": 1,\n      \"href\": 1,\n      \"@type\": 1\n    },\n    \"limit\": 250\n  }\n}"}
{"level":"info","message":"NotificationHandler:: publish ri-internal-event ServiceNotification"}
{"level":"info","message":"responseHeaderParams=[{\"X-Total-Count\":24},{\"X-Result-Count\":24},{\"Link\":\"<http://localhost:8638/tmf-api/serviceInventoryManagement/v5/service/?fields=serviceSpecification,id,href,@type&limit=250>; rel=\\\"self\\\"\"}]"}
{"level":"error","message":"could not write message KafkaJSNumberOfRetriesExceeded: Connection error: connect ECONNREFUSED ::1:9092"}
{"level":"error","message":"could not write message KafkaJSNumberOfRetriesExceeded: Connection error: connect ECONNREFUSED ::1:9092"}
{"level":"info","message":"Service::show: retrieveService Service"}
{"level":"info","message":"getSingleKey:: #1 res=cdd1f0a1-0761-4429-bcae-7928230cea24"}
{"level":"info","message":"show:: resourceType=Service query={\"criteria\":{\"id\":\"cdd1f0a1-0761-4429-bcae-7928230cea24\"},\"options\":{\"projection\":{\"serviceSpecification\":1,\"id\":1,\"href\":1,\"@type\":1},\"limit\":250}}"}
{"level":"info","message":"NotificationHandler:: publish ri-internal-event ServiceNotification"}
{"level":"info","message":"Service::index: listService Service"}
{"level":"info","message":"mongo::findMany query={\n  \"criteria\": {},\n  \"options\": {\n    \"projection\": {\n      \"serviceSpecification\": 1,\n      \"id\": 1,\n      \"href\": 1,\n      \"@type\": 1\n    },\n    \"limit\": 250\n  }\n}"}
{"level":"info","message":"NotificationHandler:: publish ri-internal-event ServiceNotification"}
{"level":"info","message":"responseHeaderParams=[{\"X-Total-Count\":24},{\"X-Result-Count\":24},{\"Link\":\"<http://localhost:8638/tmf-api/serviceInventoryManagement/v5/service/?fields=serviceSpecification,id,href,@type&limit=250>; rel=\\\"self\\\"\"}]"}
{"level":"error","message":"could not write message KafkaJSNumberOfRetriesExceeded: Connection error: connect ECONNREFUSED ::1:9092"}
{"level":"error","message":"could not write message KafkaJSNumberOfRetriesExceeded: Connection error: connect ECONNREFUSED ::1:9092"}
{"level":"error","message":"could not write message KafkaJSNumberOfRetriesExceeded: Connection error: connect ECONNREFUSED ::1:9092"}
{"level":"info","message":"Service::index: listService Service"}
{"level":"info","message":"mongo::findMany query={\n  \"criteria\": {},\n  \"options\": {\n    \"projection\": {},\n    \"limit\": 250\n  }\n}"}
{"level":"info","message":"NotificationHandler:: publish ri-internal-event ServiceNotification"}
{"level":"info","message":"responseHeaderParams=[{\"X-Total-Count\":24},{\"X-Result-Count\":24},{\"Link\":\"<http://localhost:8638/tmf-api/serviceInventoryManagement/v5/service/?limit=250>; rel=\\\"self\\\"\"}]"}
{"level":"error","message":"could not write message KafkaJSNumberOfRetriesExceeded: Connection error: connect ECONNREFUSED ::1:9092"}
{"level":"info","message":"Service::show: retrieveService Service"}
{"level":"info","message":"getSingleKey:: #1 res=cdd1f0a1-0761-4429-bcae-7928230cea24"}
{"level":"info","message":"show:: resourceType=Service query={\"criteria\":{\"id\":\"cdd1f0a1-0761-4429-bcae-7928230cea24\"},\"options\":{\"projection\":{\"state\":1,\"id\":1,\"href\":1,\"@type\":1},\"limit\":250}}"}
{"level":"info","message":"NotificationHandler:: publish ri-internal-event ServiceNotification"}
{"level":"info","message":"Service::index: listService Service"}
{"level":"info","message":"mongo::findMany query={\n  \"criteria\": {},\n  \"options\": {\n    \"projection\": {\n      \"state\": 1,\n      \"id\": 1,\n      \"href\": 1,\n      \"@type\": 1\n    },\n    \"limit\": 250\n  }\n}"}
{"level":"info","message":"NotificationHandler:: publish ri-internal-event ServiceNotification"}
{"level":"info","message":"responseHeaderParams=[{\"X-Total-Count\":24},{\"X-Result-Count\":24},{\"Link\":\"<http://localhost:8638/tmf-api/serviceInventoryManagement/v5/service/?fields=state,id,href,@type&limit=250>; rel=\\\"self\\\"\"}]"}
{"level":"error","message":"could not write message KafkaJSNumberOfRetriesExceeded: Connection error: connect ECONNREFUSED ::1:9092"}
{"level":"info","message":"Service::show: retrieveService Service"}
{"level":"info","message":"getSingleKey:: #1 res=cdd1f0a1-0761-4429-bcae-7928230cea24"}
{"level":"info","message":"show:: resourceType=Service query={\"criteria\":{\"id\":\"cdd1f0a1-0761-4429-bcae-7928230cea24\"},\"options\":{\"projection\":{\"state\":1,\"id\":1,\"href\":1,\"@type\":1},\"limit\":250}}"}
{"level":"info","message":"NotificationHandler:: publish ri-internal-event ServiceNotification"}
{"level":"info","message":"Service::index: listService Service"}
{"level":"error","message":"could not write message KafkaJSNumberOfRetriesExceeded: Connection error: connect ECONNREFUSED ::1:9092"}
{"level":"info","message":"mongo::findMany query={\n  \"criteria\": {},\n  \"options\": {\n    \"projection\": {\n      \"state\": 1,\n      \"id\": 1,\n      \"href\": 1,\n      \"@type\": 1\n    },\n    \"limit\": 250\n  }\n}"}
{"level":"info","message":"NotificationHandler:: publish ri-internal-event ServiceNotification"}
{"level":"info","message":"responseHeaderParams=[{\"X-Total-Count\":24},{\"X-Result-Count\":24},{\"Link\":\"<http://localhost:8638/tmf-api/serviceInventoryManagement/v5/service/?fields=state,id,href,@type&limit=250>; rel=\\\"self\\\"\"}]"}
{"level":"error","message":"could not write message KafkaJSNumberOfRetriesExceeded: Connection error: connect ECONNREFUSED ::1:9092"}
{"level":"error","message":"could not write message KafkaJSNumberOfRetriesExceeded: Connection error: connect ECONNREFUSED ::1:9092"}
{"level":"info","message":"Service::index: listService Service"}
{"level":"info","message":"mongo::findMany query={\n  \"criteria\": {},\n  \"options\": {\n    \"projection\": {},\n    \"limit\": 250\n  }\n}"}
{"level":"info","message":"NotificationHandler:: publish ri-internal-event ServiceNotification"}
{"level":"info","message":"responseHeaderParams=[{\"X-Total-Count\":24},{\"X-Result-Count\":24},{\"Link\":\"<http://localhost:8638/tmf-api/serviceInventoryManagement/v5/service/?limit=250>; rel=\\\"self\\\"\"}]"}
{"level":"info","message":"Service::update: patchService Service"}
{"level":"info","message":"getSingleKey:: #1 res=cdd1f0a1-0761-4429-bcae-7928230cea24"}
{"level":"info","message":"NotificationHandler:: publish ri-internal-event ServiceAttributeValueChangeNotification"}
{"level":"error","message":"could not write message KafkaJSNumberOfRetriesExceeded: Connection error: connect ECONNREFUSED ::1:9092"}
{"level":"error","message":"could not write message KafkaJSNumberOfRetriesExceeded: Connection error: connect ECONNREFUSED ::1:9092"}
{"level":"error","message":"could not write message KafkaJSNumberOfRetriesExceeded: Connection error: connect ECONNREFUSED ::1:9092"}
{"level":"error","message":"could not write message KafkaJSNumberOfRetriesExceeded: Connection error: connect ECONNREFUSED ::1:9092"}
{"level":"info","message":"Service::create: createService Service"}
{"level":"info","message":"getResponseType: path not found (path=/tmf-api/serviceInventoryManagement/v5/service/)"}
{"level":"info","message":"... replace date with native Date type"}
{"level":"info","message":"... processMissingProperties: Service"}
{"level":"info","message":"populateMandatoryAttributes: type=Service"}
{"level":"info","message":"... processExcludedInPost: Service Service_Create"}
{"level":"info","message":"... processExcludedInPost: undefined not found"}
{"level":"info","message":"NotificationHandler:: publish ri-internal-event ServiceCreationNotification"}
{"level":"info","message":"Service::index: listService Service"}
{"level":"info","message":"mongo::findMany query={\n  \"criteria\": {},\n  \"options\": {\n    \"projection\": {},\n    \"limit\": 250\n  }\n}"}
{"level":"info","message":"NotificationHandler:: publish ri-internal-event ServiceNotification"}
{"level":"info","message":"responseHeaderParams=[{\"X-Total-Count\":25},{\"X-Result-Count\":25},{\"Link\":\"<http://localhost:8638/tmf-api/serviceInventoryManagement/v5/service/?limit=250>; rel=\\\"self\\\"\"}]"}
{"level":"info","message":"Service::show: retrieveService Service"}
{"level":"info","message":"getSingleKey:: #1 res=b5d360e6-c0ec-4fdd-a391-0717838b6b34"}
{"level":"info","message":"show:: resourceType=Service query={\"criteria\":{\"id\":\"b5d360e6-c0ec-4fdd-a391-0717838b6b34\"},\"options\":{\"projection\":{},\"limit\":250}}"}
{"level":"info","message":"NotificationHandler:: publish ri-internal-event ServiceNotification"}
{"level":"info","message":"Service::show: retrieveService Service"}
{"level":"info","message":"getSingleKey:: #1 res=b5d360e6-c0ec-4fdd-a391-0717838b6b34"}
{"level":"info","message":"show:: resourceType=Service query={\"criteria\":{\"id\":\"b5d360e6-c0ec-4fdd-a391-0717838b6b34\"},\"options\":{\"projection\":{\"serviceSpecification\":1,\"id\":1,\"href\":1,\"@type\":1},\"limit\":250}}"}
{"level":"info","message":"NotificationHandler:: publish ri-internal-event ServiceNotification"}
{"level":"info","message":"Service::index: listService Service"}
{"level":"info","message":"mongo::findMany query={\n  \"criteria\": {},\n  \"options\": {\n    \"projection\": {\n      \"serviceSpecification\": 1,\n      \"id\": 1,\n      \"href\": 1,\n      \"@type\": 1\n    },\n    \"limit\": 250\n  }\n}"}
{"level":"info","message":"NotificationHandler:: publish ri-internal-event ServiceNotification"}
{"level":"info","message":"responseHeaderParams=[{\"X-Total-Count\":25},{\"X-Result-Count\":25},{\"Link\":\"<http://localhost:8638/tmf-api/serviceInventoryManagement/v5/service/?fields=serviceSpecification,id,href,@type&limit=250>; rel=\\\"self\\\"\"}]"}
{"level":"error","message":"could not write message KafkaJSNumberOfRetriesExceeded: Connection error: connect ECONNREFUSED ::1:9092"}
{"level":"error","message":"could not write message KafkaJSNumberOfRetriesExceeded: Connection error: connect ECONNREFUSED ::1:9092"}
{"level":"info","message":"Service::show: retrieveService Service"}
{"level":"info","message":"getSingleKey:: #1 res=b5d360e6-c0ec-4fdd-a391-0717838b6b34"}
{"level":"info","message":"show:: resourceType=Service query={\"criteria\":{\"id\":\"b5d360e6-c0ec-4fdd-a391-0717838b6b34\"},\"options\":{\"projection\":{\"serviceSpecification\":1,\"id\":1,\"href\":1,\"@type\":1},\"limit\":250}}"}
{"level":"info","message":"NotificationHandler:: publish ri-internal-event ServiceNotification"}
{"level":"info","message":"Service::index: listService Service"}
{"level":"info","message":"mongo::findMany query={\n  \"criteria\": {},\n  \"options\": {\n    \"projection\": {\n      \"serviceSpecification\": 1,\n      \"id\": 1,\n      \"href\": 1,\n      \"@type\": 1\n    },\n    \"limit\": 250\n  }\n}"}
{"level":"info","message":"NotificationHandler:: publish ri-internal-event ServiceNotification"}
{"level":"info","message":"responseHeaderParams=[{\"X-Total-Count\":25},{\"X-Result-Count\":25},{\"Link\":\"<http://localhost:8638/tmf-api/serviceInventoryManagement/v5/service/?fields=serviceSpecification,id,href,@type&limit=250>; rel=\\\"self\\\"\"}]"}
{"level":"info","message":"Service::index: listService Service"}
{"level":"info","message":"mongo::findMany query={\n  \"criteria\": {},\n  \"options\": {\n    \"projection\": {},\n    \"limit\": 250\n  }\n}"}
{"level":"info","message":"NotificationHandler:: publish ri-internal-event ServiceNotification"}
{"level":"info","message":"responseHeaderParams=[{\"X-Total-Count\":25},{\"X-Result-Count\":25},{\"Link\":\"<http://localhost:8638/tmf-api/serviceInventoryManagement/v5/service/?limit=250>; rel=\\\"self\\\"\"}]"}
{"level":"error","message":"could not write message KafkaJSNumberOfRetriesExceeded: Connection error: connect ECONNREFUSED ::1:9092"}
{"level":"error","message":"could not write message KafkaJSNumberOfRetriesExceeded: Connection error: connect ECONNREFUSED ::1:9092"}
{"level":"error","message":"could not write message KafkaJSNumberOfRetriesExceeded: Connection error: connect ECONNREFUSED ::1:9092"}
{"level":"error","message":"could not write message KafkaJSNumberOfRetriesExceeded: Connection error: connect ECONNREFUSED ::1:9092"}
{"level":"info","message":"Service::show: retrieveService Service"}
{"level":"info","message":"getSingleKey:: #1 res=b5d360e6-c0ec-4fdd-a391-0717838b6b34"}
{"level":"info","message":"show:: resourceType=Service query={\"criteria\":{\"id\":\"b5d360e6-c0ec-4fdd-a391-0717838b6b34\"},\"options\":{\"projection\":{\"state\":1,\"id\":1,\"href\":1,\"@type\":1},\"limit\":250}}"}
{"level":"info","message":"NotificationHandler:: publish ri-internal-event ServiceNotification"}
{"level":"info","message":"Service::index: listService Service"}
{"level":"info","message":"mongo::findMany query={\n  \"criteria\": {},\n  \"options\": {\n    \"projection\": {\n      \"state\": 1,\n      \"id\": 1,\n      \"href\": 1,\n      \"@type\": 1\n    },\n    \"limit\": 250\n  }\n}"}
{"level":"info","message":"NotificationHandler:: publish ri-internal-event ServiceNotification"}
{"level":"info","message":"responseHeaderParams=[{\"X-Total-Count\":25},{\"X-Result-Count\":25},{\"Link\":\"<http://localhost:8638/tmf-api/serviceInventoryManagement/v5/service/?fields=state,id,href,@type&limit=250>; rel=\\\"self\\\"\"}]"}
{"level":"error","message":"could not write message KafkaJSNumberOfRetriesExceeded: Connection error: connect ECONNREFUSED ::1:9092"}
{"level":"info","message":"Service::show: retrieveService Service"}
{"level":"info","message":"getSingleKey:: #1 res=b5d360e6-c0ec-4fdd-a391-0717838b6b34"}
{"level":"info","message":"show:: resourceType=Service query={\"criteria\":{\"id\":\"b5d360e6-c0ec-4fdd-a391-0717838b6b34\"},\"options\":{\"projection\":{\"state\":1,\"id\":1,\"href\":1,\"@type\":1},\"limit\":250}}"}
{"level":"info","message":"NotificationHandler:: publish ri-internal-event ServiceNotification"}
{"level":"info","message":"Service::index: listService Service"}
{"level":"info","message":"mongo::findMany query={\n  \"criteria\": {},\n  \"options\": {\n    \"projection\": {\n      \"state\": 1,\n      \"id\": 1,\n      \"href\": 1,\n      \"@type\": 1\n    },\n    \"limit\": 250\n  }\n}"}
{"level":"info","message":"NotificationHandler:: publish ri-internal-event ServiceNotification"}
{"level":"info","message":"responseHeaderParams=[{\"X-Total-Count\":25},{\"X-Result-Count\":25},{\"Link\":\"<http://localhost:8638/tmf-api/serviceInventoryManagement/v5/service/?fields=state,id,href,@type&limit=250>; rel=\\\"self\\\"\"}]"}
{"level":"error","message":"could not write message KafkaJSNumberOfRetriesExceeded: Connection error: connect ECONNREFUSED ::1:9092"}
{"level":"error","message":"could not write message KafkaJSNumberOfRetriesExceeded: Connection error: connect ECONNREFUSED ::1:9092"}
{"level":"info","message":"Service::index: listService Service"}
{"level":"info","message":"mongo::findMany query={\n  \"criteria\": {},\n  \"options\": {\n    \"projection\": {},\n    \"limit\": 250\n  }\n}"}
{"level":"info","message":"NotificationHandler:: publish ri-internal-event ServiceNotification"}
{"level":"info","message":"responseHeaderParams=[{\"X-Total-Count\":25},{\"X-Result-Count\":25},{\"Link\":\"<http://localhost:8638/tmf-api/serviceInventoryManagement/v5/service/?limit=250>; rel=\\\"self\\\"\"}]"}
{"level":"error","message":"could not write message KafkaJSNumberOfRetriesExceeded: Connection error: connect ECONNREFUSED ::1:9092"}
{"level":"error","message":"could not write message KafkaJSNumberOfRetriesExceeded: Connection error: connect ECONNREFUSED ::1:9092"}
{"level":"info","message":"Service::update: patchService Service"}
{"level":"info","message":"getSingleKey:: #1 res=b5d360e6-c0ec-4fdd-a391-0717838b6b34"}
{"level":"info","message":"NotificationHandler:: publish ri-internal-event ServiceAttributeValueChangeNotification"}
{"level":"error","message":"could not write message KafkaJSNumberOfRetriesExceeded: Connection error: connect ECONNREFUSED ::1:9092"}
{"level":"error","message":"could not write message KafkaJSNumberOfRetriesExceeded: Connection error: connect ECONNREFUSED ::1:9092"}
{"level":"error","message":"could not write message KafkaJSNumberOfRetriesExceeded: Connection error: connect ECONNREFUSED ::1:9092"}
{"level":"info","message":"Service::index: listService Service"}
{"level":"info","message":"mongo::findMany query={\n  \"criteria\": {},\n  \"options\": {\n    \"projection\": {},\n    \"limit\": 250\n  }\n}"}
{"level":"info","message":"NotificationHandler:: publish ri-internal-event ServiceNotification"}
{"level":"info","message":"responseHeaderParams=[{\"X-Total-Count\":25},{\"X-Result-Count\":25},{\"Link\":\"<http://localhost:8638/tmf-api/serviceInventoryManagement/v5/service?limit=250>; rel=\\\"self\\\"\"}]"}
{"level":"error","message":"could not write message KafkaJSNumberOfRetriesExceeded: Connection error: connect ECONNREFUSED ::1:9092"}
